Age,Attrition,BusinessTravel,DailyRate,Department,DistanceFromHome,Education,EducationField,EnvironmentSatisfaction,JobInvolvement,JobLevel,JobRole,JobSatisfaction,MaritalStatus,MonthlyIncome,NumCompaniesWorked,OverTime,PercentSalaryHike,PerformanceRating,RelationshipSatisfaction,StockOptionLevel,TotalWorkingYears,TrainingTimesLastYear,WorkLifeBalance,YearsAtCompany,YearsInCurrentRole,YearsSinceLastPromotion,YearsWithCurrManager,ResearchTravelRare,YearsNoChange,Class_proba_Yes,Class_proba_No,Attrition_Bagging_predictions,Attrition_Linear Discriminant_predictions,Attrition_Naive Bayes_predictions,Attrition_Boosting_predictions,Attrition_Linear_predictions,Attrition_Ensembled_predictions
37.0,Yes,Travel_Rarely,1373.0,Research & Development,2.0,2.0,Other,4.0,2.0,1.0,Laboratory Technician,3.0,Single,2090.0,6.0,Yes,15.0,3.0,2.0,0.0,7.0,3.0,3.0,0.0,0.0,0.0,0.0,1.0,0.0,0.5282042012869165,0.4717957987130835,No,Yes,Yes,Yes,Yes,Yes
59.0,No,Travel_Rarely,1324.0,Research & Development,3.0,3.0,Medical,3.0,4.0,1.0,Laboratory Technician,1.0,Married,2670.0,4.0,Yes,20.0,4.0,1.0,3.0,12.0,3.0,2.0,1.0,0.0,0.0,0.0,1.0,0.0,0.10237501543397465,0.8976249845660254,No,No,No,No,No,No
28.0,Yes,Travel_Rarely,103.0,Research & Development,24.0,3.0,Life Sciences,3.0,2.0,1.0,Laboratory Technician,3.0,Single,2028.0,5.0,Yes,14.0,3.0,2.0,0.0,6.0,4.0,3.0,4.0,2.0,0.0,3.0,1.0,0.0,0.7724824838743236,0.22751751612567636,Yes,Yes,Yes,Yes,Yes,Yes
29.0,No,Travel_Rarely,1389.0,Research & Development,21.0,4.0,Life Sciences,2.0,4.0,3.0,Manufacturing Director,1.0,Divorced,9980.0,1.0,No,11.0,3.0,3.0,1.0,10.0,1.0,3.0,10.0,9.0,8.0,8.0,1.0,8.0,0.02046227648983534,0.9795377235101647,No,No,No,No,No,No
44.0,No,Travel_Rarely,477.0,Research & Development,7.0,4.0,Medical,1.0,2.0,3.0,Healthcare Representative,4.0,Married,10248.0,3.0,No,14.0,3.0,4.0,1.0,24.0,4.0,3.0,22.0,6.0,5.0,17.0,1.0,5.0,0.01197633202397308,0.9880236679760269,No,No,No,No,No,No
30.0,No,Travel_Rarely,125.0,Research & Development,9.0,2.0,Medical,4.0,2.0,1.0,Laboratory Technician,3.0,Single,2206.0,1.0,No,13.0,3.0,1.0,0.0,10.0,5.0,3.0,10.0,0.0,1.0,8.0,1.0,0.0,0.10322026074985513,0.8967797392501449,No,No,No,No,No,No
35.0,No,Travel_Rarely,464.0,Research & Development,4.0,2.0,Other,3.0,3.0,1.0,Laboratory Technician,4.0,Divorced,1951.0,1.0,No,12.0,3.0,3.0,1.0,1.0,3.0,3.0,1.0,0.0,0.0,0.0,1.0,0.0,0.01827691253789565,0.9817230874621043,No,No,No,No,No,No
26.0,Yes,Travel_Rarely,1357.0,Research & Development,25.0,3.0,Life Sciences,1.0,1.0,1.0,Laboratory Technician,3.0,Single,2293.0,1.0,No,12.0,3.0,3.0,0.0,1.0,2.0,2.0,1.0,0.0,0.0,1.0,1.0,0.0,0.6334092598106237,0.3665907401893763,No,Yes,Yes,Yes,Yes,Yes
30.0,No,Travel_Frequently,721.0,Research & Development,1.0,2.0,Medical,3.0,3.0,2.0,Laboratory Technician,4.0,Single,4011.0,1.0,No,23.0,4.0,4.0,0.0,12.0,2.0,3.0,12.0,8.0,3.0,7.0,0.0,3.0,0.023598841777036195,0.9764011582229638,No,No,No,No,No,No
35.0,No,Travel_Rarely,1142.0,Research & Development,23.0,4.0,Medical,3.0,3.0,1.0,Laboratory Technician,1.0,Married,4014.0,3.0,Yes,15.0,3.0,3.0,1.0,4.0,3.0,3.0,2.0,2.0,2.0,2.0,1.0,2.0,0.43266029253428673,0.5673397074657133,No,No,No,No,No,No
50.0,No,Travel_Rarely,989.0,Research & Development,7.0,2.0,Medical,2.0,2.0,5.0,Research Director,3.0,Divorced,18740.0,5.0,Yes,12.0,3.0,4.0,1.0,29.0,2.0,2.0,27.0,3.0,13.0,8.0,1.0,3.0,0.07754235103324836,0.9224576489667516,No,No,No,No,No,No
59.0,No,Travel_Rarely,1435.0,Sales,25.0,3.0,Life Sciences,1.0,3.0,3.0,Sales Executive,1.0,Single,7637.0,7.0,No,11.0,3.0,4.0,0.0,28.0,3.0,2.0,21.0,16.0,7.0,9.0,0.0,7.0,0.2597568378986731,0.7402431621013269,No,No,No,No,No,No
55.0,No,Travel_Rarely,836.0,Research & Development,8.0,3.0,Medical,4.0,3.0,4.0,Manager,3.0,Divorced,14756.0,2.0,Yes,14.0,3.0,3.0,3.0,21.0,2.0,3.0,5.0,0.0,0.0,2.0,1.0,0.0,0.0033458811722371085,0.9966541188277629,No,No,No,No,No,No
36.0,No,Travel_Rarely,132.0,Research & Development,6.0,3.0,Life Sciences,2.0,4.0,1.0,Laboratory Technician,4.0,Married,3038.0,3.0,No,12.0,3.0,2.0,0.0,5.0,3.0,3.0,1.0,0.0,0.0,0.0,1.0,0.0,0.0433350513560935,0.9566649486439065,No,No,No,No,No,No
35.0,No,Travel_Rarely,776.0,Sales,1.0,4.0,Marketing,3.0,2.0,2.0,Sales Executive,1.0,Single,4312.0,0.0,No,14.0,3.0,2.0,0.0,16.0,2.0,3.0,15.0,13.0,2.0,8.0,0.0,2.0,0.1686992676535134,0.8313007323464866,No,No,No,No,No,No
30.0,No,Travel_Rarely,852.0,Research & Development,1.0,1.0,Life Sciences,4.0,2.0,2.0,Laboratory Technician,4.0,Married,5126.0,1.0,Yes,12.0,3.0,3.0,2.0,10.0,1.0,2.0,10.0,8.0,3.0,0.0,1.0,0.0,0.10157115104613657,0.8984288489538634,No,No,No,No,No,No
23.0,No,Travel_Rarely,541.0,Sales,2.0,1.0,Technical Degree,3.0,3.0,1.0,Sales Representative,1.0,Divorced,2322.0,3.0,No,13.0,3.0,3.0,1.0,3.0,3.0,3.0,0.0,0.0,0.0,0.0,0.0,0.0,0.3125110337140916,0.6874889662859084,No,No,Yes,No,No,No
25.0,Yes,Travel_Rarely,240.0,Sales,5.0,3.0,Marketing,3.0,2.0,2.0,Sales Executive,3.0,Single,5744.0,1.0,Yes,11.0,3.0,4.0,0.0,6.0,1.0,3.0,6.0,4.0,0.0,3.0,0.0,0.0,0.6481450572511508,0.3518549427488492,No,Yes,Yes,Yes,Yes,Yes
34.0,No,Travel_Rarely,1354.0,Research & Development,5.0,3.0,Medical,3.0,2.0,3.0,Manager,1.0,Single,11631.0,2.0,No,12.0,3.0,4.0,0.0,14.0,6.0,3.0,11.0,10.0,5.0,8.0,1.0,5.0,0.03309568835971932,0.9669043116402807,No,No,No,No,No,No
43.0,No,Travel_Frequently,394.0,Sales,26.0,2.0,Life Sciences,3.0,3.0,4.0,Manager,4.0,Married,16959.0,1.0,Yes,12.0,3.0,4.0,2.0,25.0,3.0,4.0,25.0,12.0,4.0,12.0,0.0,4.0,0.015376393674862765,0.9846236063251372,No,No,No,No,No,No
51.0,No,Travel_Rarely,684.0,Research & Development,6.0,3.0,Life Sciences,1.0,3.0,5.0,Research Director,3.0,Single,19537.0,7.0,No,13.0,3.0,3.0,0.0,23.0,5.0,3.0,20.0,18.0,15.0,15.0,1.0,15.0,0.026251714166642848,0.9737482858333572,No,No,No,No,No,No
31.0,Yes,Travel_Rarely,249.0,Sales,6.0,4.0,Life Sciences,2.0,1.0,2.0,Sales Executive,3.0,Married,6172.0,4.0,Yes,18.0,3.0,2.0,0.0,12.0,3.0,2.0,7.0,7.0,7.0,7.0,0.0,7.0,0.8097501016123555,0.19024989838764447,No,Yes,Yes,Yes,Yes,Yes
58.0,Yes,Travel_Rarely,147.0,Research & Development,23.0,4.0,Medical,4.0,3.0,3.0,Healthcare Representative,4.0,Married,10312.0,1.0,No,12.0,3.0,4.0,1.0,40.0,3.0,2.0,40.0,10.0,15.0,6.0,1.0,6.0,0.005964227027512092,0.9940357729724879,No,No,No,No,No,No
22.0,No,Travel_Rarely,594.0,Research & Development,2.0,1.0,Technical Degree,3.0,3.0,1.0,Laboratory Technician,4.0,Married,2523.0,0.0,No,14.0,3.0,3.0,1.0,3.0,2.0,3.0,2.0,1.0,2.0,1.0,1.0,1.0,0.06993624225336947,0.9300637577466305,No,No,No,No,No,No
49.0,No,Travel_Rarely,470.0,Research & Development,20.0,4.0,Medical,3.0,3.0,2.0,Manufacturing Director,1.0,Married,6567.0,1.0,No,14.0,3.0,3.0,0.0,16.0,2.0,2.0,15.0,11.0,5.0,11.0,1.0,5.0,0.04379926614703522,0.9562007338529648,No,No,No,No,No,No
32.0,No,Travel_Frequently,689.0,Sales,9.0,2.0,Medical,4.0,1.0,2.0,Sales Executive,4.0,Divorced,4668.0,0.0,No,17.0,3.0,4.0,3.0,9.0,2.0,4.0,8.0,7.0,0.0,7.0,0.0,0.0,0.00801715298986383,0.9919828470101362,No,No,No,No,No,No
30.0,No,Travel_Rarely,1427.0,Research & Development,2.0,1.0,Medical,2.0,2.0,1.0,Laboratory Technician,4.0,Single,2720.0,0.0,No,13.0,3.0,4.0,0.0,6.0,3.0,3.0,5.0,3.0,1.0,2.0,1.0,1.0,0.08388579943585539,0.9161142005641446,No,No,No,No,No,No
53.0,No,Travel_Rarely,1436.0,Sales,6.0,2.0,Marketing,2.0,3.0,2.0,Sales Representative,3.0,Married,2306.0,2.0,Yes,20.0,4.0,4.0,1.0,13.0,3.0,1.0,7.0,7.0,4.0,5.0,0.0,4.0,0.40444096074927993,0.5955590392507201,No,No,No,Yes,No,No
45.0,No,Travel_Rarely,194.0,Research & Development,9.0,3.0,Life Sciences,2.0,3.0,2.0,Laboratory Technician,2.0,Divorced,2348.0,8.0,No,18.0,3.0,3.0,1.0,20.0,2.0,1.0,17.0,9.0,0.0,15.0,1.0,0.0,0.032696608618737355,0.9673033913812626,No,No,No,No,No,No
51.0,No,Travel_Rarely,1169.0,Research & Development,7.0,4.0,Medical,2.0,2.0,2.0,Manufacturing Director,3.0,Married,6132.0,2.0,No,17.0,3.0,3.0,0.0,10.0,2.0,3.0,1.0,0.0,0.0,0.0,1.0,0.0,0.03226661352086524,0.9677333864791348,No,No,No,No,No,No
40.0,No,Travel_Rarely,630.0,Sales,4.0,4.0,Marketing,3.0,2.0,3.0,Sales Executive,4.0,Married,10855.0,7.0,No,11.0,3.0,1.0,1.0,15.0,2.0,2.0,12.0,11.0,2.0,11.0,0.0,2.0,0.09312492262827077,0.9068750773717292,No,No,No,No,No,No
22.0,No,Travel_Rarely,1256.0,Research & Development,19.0,1.0,Medical,3.0,3.0,1.0,Research Scientist,4.0,Married,2323.0,1.0,No,24.0,4.0,1.0,2.0,2.0,6.0,3.0,2.0,2.0,2.0,2.0,1.0,2.0,0.03209405437077362,0.9679059456292264,No,No,No,No,No,No
36.0,No,Travel_Frequently,1480.0,Research & Development,3.0,2.0,Medical,4.0,3.0,1.0,Laboratory Technician,2.0,Single,2088.0,4.0,No,12.0,3.0,3.0,0.0,13.0,3.0,2.0,8.0,7.0,7.0,2.0,0.0,2.0,0.26532978365124515,0.7346702163487548,No,No,No,No,No,No
19.0,Yes,Travel_Rarely,303.0,Research & Development,2.0,3.0,Life Sciences,2.0,2.0,1.0,Laboratory Technician,4.0,Single,1102.0,1.0,No,22.0,4.0,3.0,0.0,1.0,3.0,2.0,1.0,0.0,1.0,0.0,1.0,0.0,0.18926760321584646,0.8107323967841535,No,No,No,No,No,No
41.0,Yes,Travel_Rarely,1356.0,Sales,20.0,2.0,Marketing,2.0,3.0,1.0,Sales Representative,2.0,Single,3140.0,1.0,Yes,22.0,4.0,4.0,0.0,4.0,5.0,2.0,4.0,3.0,0.0,2.0,0.0,0.0,0.7501705474481624,0.24982945255183758,No,Yes,Yes,No,Yes,Yes
27.0,No,Travel_Rarely,894.0,Research & Development,9.0,3.0,Medical,4.0,3.0,1.0,Research Scientist,2.0,Single,2279.0,1.0,No,16.0,3.0,4.0,0.0,7.0,2.0,2.0,7.0,7.0,0.0,3.0,1.0,0.0,0.05173700670958381,0.9482629932904162,No,No,No,No,No,No
49.0,No,Non-Travel,1002.0,Research & Development,18.0,4.0,Life Sciences,4.0,3.0,2.0,Manufacturing Director,4.0,Divorced,6804.0,1.0,Yes,15.0,3.0,1.0,2.0,7.0,0.0,3.0,7.0,7.0,1.0,7.0,0.0,1.0,0.02938246849031667,0.9706175315096833,No,No,No,No,No,No
40.0,No,Travel_Rarely,905.0,Research & Development,19.0,2.0,Medical,3.0,3.0,2.0,Laboratory Technician,4.0,Married,2741.0,8.0,Yes,15.0,3.0,3.0,1.0,15.0,2.0,4.0,7.0,2.0,3.0,7.0,1.0,2.0,0.2681818937083841,0.7318181062916159,No,No,No,Yes,No,No
40.0,No,Non-Travel,1151.0,Research & Development,9.0,5.0,Life Sciences,4.0,2.0,2.0,Healthcare Representative,4.0,Married,4876.0,9.0,No,14.0,3.0,4.0,1.0,5.0,5.0,1.0,3.0,2.0,0.0,2.0,0.0,0.0,0.03500013233665911,0.9649998676633409,No,No,No,No,No,No
30.0,No,Non-Travel,829.0,Research & Development,1.0,1.0,Life Sciences,3.0,2.0,3.0,Manufacturing Director,3.0,Single,8474.0,1.0,No,22.0,4.0,3.0,0.0,12.0,2.0,3.0,11.0,8.0,5.0,8.0,0.0,5.0,0.03360228027330381,0.9663977197266962,No,No,No,No,No,No
30.0,Yes,Travel_Rarely,1005.0,Research & Development,3.0,3.0,Technical Degree,4.0,3.0,1.0,Research Scientist,1.0,Single,2657.0,5.0,Yes,11.0,3.0,3.0,0.0,8.0,5.0,3.0,5.0,2.0,0.0,4.0,1.0,0.0,0.49464812890959975,0.5053518710904003,No,Yes,Yes,Yes,No,Yes
37.0,No,Travel_Frequently,663.0,Research & Development,11.0,3.0,Other,2.0,3.0,3.0,Research Director,4.0,Divorced,12185.0,1.0,Yes,14.0,3.0,3.0,3.0,10.0,1.0,3.0,10.0,8.0,0.0,7.0,0.0,0.0,0.04044022919238255,0.9595597708076175,No,No,No,No,No,No
31.0,No,Non-Travel,979.0,Research & Development,1.0,4.0,Medical,3.0,1.0,2.0,Manufacturing Director,3.0,Married,4345.0,0.0,No,12.0,3.0,4.0,1.0,6.0,2.0,3.0,5.0,4.0,1.0,4.0,0.0,1.0,0.04242589766978866,0.9575741023302113,No,No,No,No,No,No
50.0,No,Travel_Rarely,854.0,Sales,1.0,4.0,Medical,4.0,3.0,5.0,Manager,4.0,Divorced,19517.0,3.0,No,11.0,3.0,3.0,1.0,32.0,3.0,2.0,7.0,0.0,0.0,6.0,0.0,0.0,0.0008183090922864178,0.9991816909077136,No,No,No,No,No,No
33.0,Yes,Travel_Rarely,813.0,Research & Development,14.0,3.0,Medical,3.0,3.0,1.0,Laboratory Technician,4.0,Married,2436.0,5.0,Yes,13.0,3.0,3.0,1.0,8.0,2.0,1.0,5.0,4.0,0.0,4.0,1.0,0.0,0.35938606559477526,0.6406139344052247,No,No,Yes,Yes,No,No
42.0,No,Travel_Rarely,916.0,Research & Development,17.0,2.0,Life Sciences,4.0,4.0,2.0,Research Scientist,1.0,Single,6545.0,3.0,Yes,13.0,3.0,3.0,0.0,10.0,1.0,3.0,3.0,2.0,0.0,2.0,1.0,0.0,0.1809395474582236,0.8190604525417764,No,No,No,No,No,No
40.0,No,Travel_Rarely,1416.0,Research & Development,2.0,2.0,Medical,1.0,3.0,5.0,Research Director,3.0,Divorced,19436.0,0.0,No,19.0,3.0,4.0,1.0,22.0,5.0,3.0,21.0,7.0,3.0,9.0,1.0,3.0,0.000361880968975381,0.9996381190310246,No,No,No,No,No,No
32.0,No,Travel_Frequently,1311.0,Research & Development,7.0,3.0,Life Sciences,2.0,4.0,1.0,Laboratory Technician,2.0,Married,2794.0,1.0,No,20.0,4.0,3.0,0.0,5.0,3.0,1.0,5.0,1.0,0.0,3.0,0.0,0.0,0.05661258128970503,0.943387418710295,No,No,No,No,No,No
38.0,No,Non-Travel,1327.0,Sales,2.0,2.0,Life Sciences,4.0,2.0,2.0,Sales Executive,4.0,Married,5249.0,3.0,No,18.0,3.0,4.0,1.0,13.0,0.0,3.0,8.0,7.0,7.0,5.0,0.0,5.0,0.02717275633748939,0.9728272436625106,No,No,No,No,No,No
32.0,No,Travel_Rarely,128.0,Research & Development,2.0,1.0,Technical Degree,4.0,2.0,2.0,Laboratory Technician,1.0,Single,2176.0,4.0,No,13.0,3.0,4.0,0.0,9.0,5.0,3.0,6.0,2.0,0.0,4.0,1.0,0.0,0.1379837459143326,0.8620162540856674,No,No,No,No,No,No
31.0,No,Travel_Rarely,1463.0,Research & Development,23.0,3.0,Medical,2.0,2.0,2.0,Healthcare Representative,4.0,Married,5582.0,0.0,No,21.0,4.0,2.0,1.0,10.0,2.0,3.0,9.0,0.0,7.0,8.0,1.0,0.0,0.13170947787095555,0.8682905221290445,No,No,No,No,No,No
37.0,No,Travel_Rarely,228.0,Sales,6.0,4.0,Medical,3.0,3.0,2.0,Sales Executive,4.0,Married,6502.0,4.0,No,14.0,3.0,2.0,1.0,7.0,5.0,4.0,5.0,4.0,0.0,1.0,0.0,0.0,0.024536752749298563,0.9754632472507014,No,No,No,No,No,No
29.0,No,Travel_Frequently,442.0,Sales,2.0,2.0,Life Sciences,2.0,3.0,2.0,Sales Executive,4.0,Single,4554.0,1.0,No,18.0,3.0,1.0,0.0,10.0,3.0,2.0,10.0,7.0,0.0,9.0,0.0,0.0,0.06962652088897126,0.9303734791110287,No,No,No,No,No,No
37.0,No,Travel_Rarely,1372.0,Research & Development,1.0,3.0,Life Sciences,4.0,3.0,1.0,Research Scientist,4.0,Single,2115.0,1.0,No,12.0,3.0,2.0,0.0,17.0,3.0,3.0,17.0,12.0,5.0,7.0,1.0,5.0,0.014965108975346308,0.9850348910246537,No,No,No,No,No,No
38.0,No,Travel_Rarely,688.0,Research & Development,23.0,4.0,Life Sciences,4.0,3.0,2.0,Healthcare Representative,4.0,Divorced,5745.0,9.0,No,14.0,3.0,2.0,1.0,10.0,2.0,3.0,2.0,2.0,1.0,2.0,1.0,1.0,0.03162235808135161,0.9683776419186484,No,No,No,No,No,No
31.0,No,Travel_Frequently,444.0,Sales,5.0,3.0,Marketing,4.0,3.0,1.0,Sales Representative,2.0,Divorced,2789.0,1.0,No,11.0,3.0,3.0,1.0,2.0,5.0,2.0,2.0,2.0,2.0,2.0,0.0,2.0,0.07978063879119157,0.9202193612088084,No,No,No,No,No,No
42.0,No,Travel_Frequently,555.0,Sales,26.0,3.0,Marketing,3.0,3.0,4.0,Sales Executive,2.0,Married,13525.0,5.0,No,14.0,3.0,4.0,1.0,23.0,2.0,4.0,20.0,4.0,4.0,8.0,0.0,4.0,0.01947392504092904,0.980526074959071,No,No,No,No,No,No
41.0,No,Travel_Rarely,334.0,Sales,2.0,4.0,Life Sciences,4.0,3.0,4.0,Manager,2.0,Single,16015.0,1.0,No,19.0,3.0,2.0,0.0,22.0,2.0,3.0,22.0,10.0,0.0,4.0,0.0,0.0,0.003828510576367239,0.9961714894236328,No,No,No,No,No,No
39.0,No,Travel_Rarely,1132.0,Research & Development,1.0,3.0,Medical,3.0,4.0,3.0,Healthcare Representative,4.0,Divorced,9613.0,0.0,No,17.0,3.0,1.0,3.0,19.0,5.0,2.0,18.0,10.0,3.0,7.0,1.0,3.0,0.0004208138056029931,0.999579186194397,No,No,No,No,No,No
38.0,No,Travel_Rarely,849.0,Research & Development,25.0,2.0,Life Sciences,1.0,2.0,3.0,Research Director,2.0,Married,12061.0,3.0,No,17.0,3.0,3.0,1.0,19.0,2.0,3.0,10.0,8.0,0.0,1.0,1.0,0.0,0.0740785708729702,0.9259214291270298,No,No,No,No,No,No
58.0,No,Non-Travel,390.0,Research & Development,1.0,4.0,Life Sciences,4.0,1.0,2.0,Healthcare Representative,3.0,Divorced,5660.0,2.0,Yes,13.0,3.0,4.0,1.0,12.0,2.0,3.0,5.0,3.0,1.0,2.0,0.0,1.0,0.05285237123962849,0.9471476287603715,No,No,No,No,No,No
31.0,No,Travel_Rarely,106.0,Human Resources,2.0,3.0,Human Resources,1.0,2.0,2.0,Human Resources,1.0,Married,6410.0,3.0,No,12.0,3.0,4.0,0.0,9.0,1.0,3.0,2.0,2.0,1.0,0.0,0.0,0.0,0.6200883388993331,0.3799116611006669,No,Yes,Yes,Yes,Yes,Yes
32.0,No,Travel_Rarely,588.0,Sales,8.0,2.0,Technical Degree,3.0,2.0,2.0,Sales Executive,2.0,Married,5228.0,1.0,Yes,11.0,3.0,4.0,0.0,13.0,2.0,3.0,13.0,12.0,11.0,9.0,0.0,9.0,0.7856258888236367,0.21437411117636324,No,Yes,No,Yes,Yes,Yes
47.0,No,Travel_Rarely,1482.0,Research & Development,5.0,5.0,Life Sciences,4.0,3.0,5.0,Research Director,3.0,Married,18300.0,4.0,No,11.0,3.0,2.0,1.0,21.0,2.0,3.0,3.0,2.0,1.0,1.0,1.0,1.0,0.001316388043007266,0.9986836119569927,No,No,No,No,No,No
43.0,No,Travel_Rarely,1001.0,Research & Development,7.0,3.0,Life Sciences,3.0,3.0,3.0,Healthcare Representative,1.0,Married,9985.0,8.0,No,16.0,3.0,1.0,1.0,10.0,1.0,2.0,1.0,0.0,0.0,0.0,1.0,0.0,0.05955760885254768,0.9404423911474523,No,No,No,No,No,No
30.0,No,Travel_Rarely,570.0,Sales,5.0,3.0,Marketing,4.0,2.0,2.0,Sales Executive,3.0,Divorced,6118.0,1.0,No,13.0,3.0,3.0,3.0,10.0,2.0,3.0,10.0,9.0,1.0,2.0,0.0,1.0,0.018719666879359553,0.9812803331206404,No,No,No,No,No,No
31.0,No,Travel_Rarely,1232.0,Research & Development,7.0,4.0,Medical,3.0,3.0,3.0,Manufacturing Director,4.0,Single,7143.0,1.0,Yes,14.0,3.0,3.0,0.0,11.0,2.0,2.0,11.0,9.0,4.0,10.0,1.0,4.0,0.09262491958118457,0.9073750804188154,No,No,No,No,No,No
42.0,No,Travel_Rarely,544.0,Human Resources,2.0,1.0,Technical Degree,3.0,3.0,1.0,Human Resources,3.0,Divorced,2696.0,0.0,Yes,11.0,3.0,3.0,1.0,4.0,5.0,3.0,3.0,2.0,1.0,0.0,0.0,0.0,0.22301538547001343,0.7769846145299866,No,No,No,No,No,No
32.0,No,Travel_Rarely,1062.0,Research & Development,2.0,3.0,Medical,3.0,3.0,1.0,Laboratory Technician,2.0,Married,2370.0,1.0,No,13.0,3.0,3.0,1.0,8.0,4.0,3.0,8.0,0.0,0.0,7.0,1.0,0.0,0.021077258093824547,0.9789227419061755,No,No,No,No,No,No
42.0,No,Travel_Rarely,1332.0,Research & Development,2.0,4.0,Other,1.0,2.0,2.0,Healthcare Representative,4.0,Single,6781.0,3.0,No,23.0,4.0,2.0,0.0,14.0,6.0,3.0,1.0,0.0,0.0,0.0,1.0,0.0,0.06001822983247329,0.9399817701675267,No,No,No,No,No,No
57.0,No,Travel_Rarely,593.0,Research & Development,1.0,4.0,Medical,4.0,3.0,2.0,Healthcare Representative,3.0,Married,6755.0,2.0,No,11.0,3.0,3.0,0.0,15.0,2.0,3.0,3.0,2.0,1.0,2.0,1.0,1.0,0.008062604736104095,0.9919373952638959,No,No,No,No,No,No
33.0,Yes,Travel_Rarely,350.0,Sales,5.0,3.0,Marketing,4.0,3.0,1.0,Sales Representative,3.0,Single,2851.0,1.0,Yes,13.0,3.0,2.0,0.0,1.0,2.0,3.0,1.0,0.0,0.0,0.0,0.0,0.0,0.6853280391094916,0.31467196089050836,Yes,Yes,Yes,Yes,Yes,Yes
35.0,No,Travel_Rarely,755.0,Research & Development,9.0,4.0,Life Sciences,3.0,2.0,2.0,Healthcare Representative,2.0,Single,6540.0,9.0,No,19.0,3.0,3.0,0.0,10.0,5.0,3.0,1.0,1.0,0.0,0.0,1.0,0.0,0.14259337087526958,0.8574066291247304,No,No,No,No,No,No
36.0,No,Travel_Rarely,329.0,Research & Development,2.0,3.0,Life Sciences,4.0,3.0,1.0,Research Scientist,3.0,Married,2543.0,4.0,No,13.0,3.0,2.0,1.0,6.0,3.0,3.0,2.0,2.0,2.0,2.0,1.0,2.0,0.03301711661997753,0.9669828833800225,No,No,No,No,No,No
30.0,Yes,Travel_Frequently,464.0,Research & Development,4.0,3.0,Technical Degree,3.0,3.0,1.0,Research Scientist,4.0,Single,2285.0,9.0,Yes,23.0,4.0,3.0,0.0,3.0,4.0,3.0,1.0,0.0,0.0,0.0,0.0,0.0,0.6919382264717586,0.3080617735282413,Yes,Yes,Yes,Yes,Yes,Yes
37.0,No,Travel_Rarely,1305.0,Research & Development,10.0,4.0,Life Sciences,3.0,3.0,2.0,Manufacturing Director,2.0,Single,4197.0,2.0,Yes,12.0,3.0,4.0,0.0,18.0,2.0,2.0,1.0,0.0,0.0,1.0,1.0,0.0,0.25814599893909074,0.7418540010609093,No,No,No,No,No,No
43.0,No,Travel_Rarely,982.0,Research & Development,12.0,3.0,Life Sciences,1.0,2.0,4.0,Research Director,2.0,Divorced,14336.0,1.0,No,11.0,3.0,3.0,1.0,25.0,3.0,3.0,25.0,10.0,3.0,9.0,1.0,3.0,0.005396721493112655,0.9946032785068873,No,No,No,No,No,No
41.0,No,Travel_Rarely,645.0,Sales,1.0,3.0,Marketing,2.0,4.0,3.0,Sales Executive,1.0,Married,8392.0,1.0,No,16.0,3.0,3.0,1.0,10.0,2.0,3.0,10.0,7.0,0.0,7.0,0.0,0.0,0.018953208207778238,0.9810467917922218,No,No,No,No,No,No
25.0,Yes,Travel_Rarely,688.0,Research & Development,3.0,3.0,Medical,1.0,3.0,1.0,Laboratory Technician,1.0,Married,4031.0,5.0,No,13.0,3.0,3.0,1.0,6.0,5.0,3.0,2.0,2.0,0.0,2.0,1.0,0.0,0.19379048370710428,0.8062095162928957,No,No,No,No,No,No
46.0,No,Travel_Rarely,1485.0,Research & Development,18.0,3.0,Medical,3.0,3.0,2.0,Manufacturing Director,3.0,Divorced,4810.0,2.0,No,14.0,3.0,3.0,1.0,19.0,5.0,2.0,10.0,7.0,0.0,8.0,1.0,0.0,0.005653079640495662,0.9943469203595043,No,No,No,No,No,No
30.0,No,Non-Travel,1400.0,Research & Development,3.0,3.0,Life Sciences,3.0,3.0,1.0,Laboratory Technician,4.0,Married,2097.0,4.0,No,15.0,3.0,3.0,1.0,9.0,3.0,1.0,5.0,3.0,1.0,4.0,0.0,1.0,0.0421000025910051,0.9578999974089949,No,No,No,No,No,No
54.0,No,Travel_Rarely,548.0,Research & Development,8.0,4.0,Life Sciences,3.0,3.0,2.0,Laboratory Technician,3.0,Single,3780.0,7.0,No,11.0,3.0,3.0,0.0,19.0,3.0,3.0,1.0,0.0,0.0,0.0,1.0,0.0,0.056970185843851495,0.9430298141561485,No,No,No,No,No,No
36.0,No,Non-Travel,635.0,Sales,10.0,4.0,Medical,2.0,3.0,3.0,Sales Executive,4.0,Single,9980.0,1.0,No,14.0,3.0,4.0,0.0,10.0,3.0,2.0,10.0,3.0,9.0,7.0,0.0,3.0,0.08060531923657388,0.9193946807634261,No,No,No,No,No,No
22.0,Yes,Travel_Frequently,1368.0,Research & Development,4.0,1.0,Technical Degree,3.0,2.0,1.0,Laboratory Technician,3.0,Single,3894.0,5.0,No,16.0,3.0,3.0,0.0,4.0,3.0,3.0,2.0,2.0,1.0,2.0,0.0,1.0,0.4361092000097917,0.5638907999902083,No,No,Yes,No,No,No
31.0,No,Travel_Rarely,688.0,Sales,7.0,3.0,Life Sciences,3.0,2.0,3.0,Manager,4.0,Divorced,11557.0,9.0,No,21.0,4.0,3.0,1.0,10.0,3.0,2.0,5.0,4.0,0.0,1.0,0.0,0.0,0.0442406074418481,0.9557593925581519,No,No,No,No,No,No
26.0,Yes,Travel_Rarely,471.0,Research & Development,24.0,3.0,Technical Degree,3.0,1.0,1.0,Laboratory Technician,4.0,Single,2340.0,1.0,Yes,18.0,3.0,2.0,0.0,1.0,3.0,1.0,1.0,0.0,0.0,0.0,1.0,0.0,0.8790821578401565,0.12091784215984347,Yes,Yes,Yes,Yes,Yes,Yes
37.0,No,Non-Travel,142.0,Sales,9.0,4.0,Medical,1.0,3.0,3.0,Sales Executive,2.0,Divorced,8834.0,1.0,No,13.0,3.0,4.0,1.0,9.0,6.0,3.0,9.0,5.0,7.0,7.0,0.0,5.0,0.024685816993429754,0.9753141830065702,No,No,No,No,No,No
37.0,No,Travel_Rarely,446.0,Research & Development,1.0,4.0,Life Sciences,2.0,3.0,2.0,Manufacturing Director,2.0,Married,6447.0,6.0,No,12.0,3.0,2.0,1.0,8.0,2.0,2.0,6.0,5.0,4.0,3.0,1.0,3.0,0.11053775332105331,0.8894622466789467,No,No,No,No,No,No
24.0,No,Travel_Rarely,823.0,Research & Development,17.0,2.0,Other,4.0,2.0,1.0,Laboratory Technician,2.0,Married,2127.0,1.0,No,21.0,4.0,4.0,1.0,1.0,2.0,3.0,1.0,0.0,0.0,0.0,1.0,0.0,0.08631773101449125,0.9136822689855087,No,No,No,No,No,No
34.0,No,Travel_Rarely,254.0,Research & Development,1.0,2.0,Life Sciences,2.0,2.0,1.0,Research Scientist,4.0,Married,3622.0,1.0,Yes,13.0,3.0,4.0,1.0,6.0,3.0,3.0,6.0,5.0,1.0,3.0,1.0,1.0,0.19037415742914132,0.8096258425708587,No,No,No,No,No,No
31.0,Yes,Travel_Rarely,1365.0,Sales,13.0,4.0,Medical,2.0,3.0,2.0,Sales Executive,1.0,Divorced,4233.0,2.0,No,17.0,3.0,3.0,0.0,9.0,2.0,1.0,3.0,1.0,1.0,2.0,0.0,1.0,0.1303810569816698,0.8696189430183302,No,No,No,No,No,No
27.0,Yes,Travel_Rarely,1420.0,Sales,2.0,1.0,Marketing,3.0,3.0,1.0,Sales Representative,1.0,Divorced,3041.0,0.0,No,11.0,3.0,2.0,1.0,5.0,3.0,3.0,4.0,3.0,0.0,2.0,0.0,0.0,0.13821713009734227,0.8617828699026577,No,No,No,No,No,No
32.0,No,Travel_Rarely,646.0,Research & Development,9.0,4.0,Life Sciences,1.0,3.0,2.0,Research Scientist,4.0,Married,6322.0,1.0,Yes,12.0,3.0,4.0,1.0,6.0,2.0,2.0,6.0,4.0,0.0,5.0,1.0,0.0,0.13331054116924412,0.8666894588307559,No,No,No,No,No,No
53.0,No,Travel_Rarely,238.0,Sales,1.0,1.0,Medical,4.0,3.0,2.0,Sales Executive,1.0,Single,8381.0,7.0,No,20.0,4.0,4.0,0.0,18.0,2.0,4.0,14.0,7.0,8.0,10.0,0.0,7.0,0.11234198283734831,0.8876580171626517,No,No,No,Yes,No,No
27.0,No,Travel_Rarely,1115.0,Research & Development,3.0,4.0,Medical,1.0,2.0,1.0,Research Scientist,4.0,Single,2045.0,0.0,No,13.0,3.0,4.0,0.0,5.0,0.0,3.0,4.0,2.0,1.0,1.0,1.0,1.0,0.17783254555807226,0.8221674544419277,No,No,No,No,No,No
35.0,No,Non-Travel,727.0,Research & Development,3.0,3.0,Life Sciences,3.0,2.0,1.0,Laboratory Technician,3.0,Married,1281.0,1.0,No,18.0,3.0,3.0,2.0,1.0,3.0,3.0,1.0,0.0,0.0,0.0,0.0,0.0,0.03507236410632397,0.964927635893676,No,No,No,No,No,No
29.0,No,Travel_Frequently,806.0,Research & Development,1.0,4.0,Life Sciences,2.0,1.0,1.0,Research Scientist,4.0,Divorced,2720.0,1.0,No,18.0,3.0,4.0,1.0,10.0,5.0,3.0,10.0,7.0,2.0,8.0,0.0,2.0,0.025828741401950128,0.9741712585980499,No,No,No,No,No,No
37.0,No,Travel_Rarely,1225.0,Research & Development,10.0,2.0,Life Sciences,4.0,4.0,1.0,Research Scientist,4.0,Single,4680.0,3.0,No,17.0,3.0,1.0,0.0,4.0,2.0,3.0,1.0,0.0,0.0,0.0,1.0,0.0,0.024250948096963265,0.9757490519030367,No,No,No,No,No,No
50.0,No,Travel_Rarely,1207.0,Research & Development,28.0,1.0,Medical,4.0,4.0,1.0,Laboratory Technician,3.0,Married,3221.0,1.0,Yes,11.0,3.0,3.0,3.0,20.0,3.0,3.0,20.0,8.0,3.0,8.0,1.0,3.0,0.036182802367789035,0.963817197632211,No,No,No,No,No,No
24.0,Yes,Travel_Rarely,693.0,Sales,3.0,2.0,Life Sciences,1.0,3.0,2.0,Sales Executive,3.0,Single,4577.0,9.0,No,14.0,3.0,1.0,0.0,4.0,3.0,3.0,2.0,2.0,2.0,0.0,0.0,0.0,0.6658617729931225,0.33413822700687745,No,Yes,Yes,Yes,Yes,Yes
27.0,No,Travel_Rarely,608.0,Research & Development,1.0,2.0,Life Sciences,3.0,3.0,3.0,Manufacturing Director,1.0,Married,7412.0,1.0,No,11.0,3.0,4.0,0.0,9.0,3.0,3.0,9.0,7.0,0.0,7.0,1.0,0.0,0.011839324041602262,0.9881606759583977,No,No,No,No,No,No
47.0,No,Travel_Rarely,703.0,Sales,14.0,4.0,Marketing,4.0,3.0,2.0,Sales Executive,1.0,Single,4960.0,2.0,No,12.0,3.0,4.0,0.0,20.0,2.0,3.0,7.0,7.0,1.0,7.0,0.0,1.0,0.10833088538428803,0.891669114615712,No,No,No,No,No,No
53.0,No,Travel_Rarely,970.0,Research & Development,7.0,3.0,Life Sciences,3.0,4.0,4.0,Research Director,3.0,Married,14814.0,3.0,No,19.0,3.0,3.0,0.0,32.0,3.0,3.0,5.0,1.0,1.0,3.0,1.0,1.0,0.0014004142703681888,0.9985995857296318,No,No,No,No,No,No
60.0,No,Travel_Rarely,1179.0,Sales,16.0,4.0,Marketing,1.0,3.0,2.0,Sales Executive,1.0,Single,5405.0,8.0,No,14.0,3.0,4.0,0.0,10.0,1.0,3.0,2.0,2.0,2.0,2.0,0.0,2.0,0.5734330134532338,0.42656698654676617,No,No,Yes,No,Yes,No
38.0,No,Travel_Rarely,168.0,Research & Development,1.0,3.0,Life Sciences,3.0,3.0,3.0,Manufacturing Director,3.0,Single,7861.0,4.0,Yes,14.0,3.0,4.0,0.0,10.0,4.0,4.0,1.0,0.0,0.0,0.0,1.0,0.0,0.07723194342126116,0.9227680565787388,No,No,No,No,No,No
34.0,No,Travel_Rarely,167.0,Research & Development,8.0,5.0,Life Sciences,2.0,3.0,2.0,Manufacturing Director,1.0,Divorced,5121.0,3.0,No,14.0,3.0,3.0,1.0,7.0,3.0,3.0,0.0,0.0,0.0,0.0,1.0,0.0,0.03527110554749713,0.9647288944525029,No,No,No,No,No,No
33.0,Yes,Travel_Rarely,527.0,Research & Development,1.0,4.0,Other,4.0,3.0,1.0,Research Scientist,4.0,Single,2686.0,1.0,Yes,13.0,3.0,3.0,0.0,10.0,2.0,2.0,10.0,9.0,7.0,8.0,1.0,7.0,0.2619912010454697,0.7380087989545303,No,No,No,No,No,No
55.0,Yes,Travel_Rarely,725.0,Research & Development,2.0,3.0,Medical,4.0,3.0,5.0,Manager,1.0,Married,19859.0,5.0,Yes,13.0,3.0,4.0,1.0,24.0,2.0,3.0,5.0,2.0,1.0,4.0,1.0,1.0,0.010002581237817831,0.9899974187621822,No,No,No,No,No,No
36.0,No,Non-Travel,1434.0,Sales,8.0,4.0,Life Sciences,1.0,2.0,3.0,Sales Executive,1.0,Single,7587.0,1.0,No,15.0,3.0,2.0,0.0,10.0,1.0,3.0,10.0,7.0,0.0,9.0,0.0,0.0,0.12151454148294016,0.8784854585170598,No,No,No,No,No,No
52.0,No,Non-Travel,715.0,Research & Development,19.0,4.0,Medical,4.0,3.0,1.0,Research Scientist,4.0,Married,4258.0,0.0,No,18.0,3.0,1.0,1.0,5.0,3.0,3.0,4.0,3.0,1.0,2.0,0.0,1.0,0.013310371266306631,0.9866896287336934,No,No,No,No,No,No
38.0,No,Travel_Frequently,240.0,Research & Development,2.0,4.0,Life Sciences,1.0,4.0,2.0,Manufacturing Director,1.0,Single,5980.0,6.0,Yes,12.0,3.0,4.0,0.0,17.0,2.0,3.0,15.0,7.0,4.0,12.0,0.0,4.0,0.5416417678683954,0.45835823213160465,No,Yes,No,Yes,Yes,Yes
34.0,No,Travel_Rarely,121.0,Research & Development,2.0,4.0,Medical,3.0,2.0,1.0,Research Scientist,1.0,Single,4381.0,1.0,No,11.0,3.0,3.0,0.0,6.0,3.0,3.0,6.0,5.0,1.0,3.0,1.0,1.0,0.15547914001040186,0.8445208599895981,No,No,No,No,No,No
35.0,No,Travel_Rarely,384.0,Sales,8.0,4.0,Life Sciences,1.0,3.0,1.0,Sales Representative,4.0,Married,2572.0,1.0,No,16.0,3.0,2.0,1.0,3.0,1.0,2.0,3.0,2.0,0.0,2.0,0.0,0.0,0.23457266979843927,0.7654273302015607,No,No,No,No,No,No
23.0,Yes,Travel_Rarely,1243.0,Research & Development,6.0,3.0,Life Sciences,3.0,4.0,1.0,Laboratory Technician,1.0,Married,1601.0,1.0,Yes,21.0,4.0,3.0,2.0,1.0,2.0,3.0,0.0,0.0,0.0,0.0,1.0,0.0,0.1348483832382411,0.8651516167617589,No,No,No,No,No,No
24.0,No,Non-Travel,1092.0,Research & Development,9.0,3.0,Life Sciences,3.0,2.0,1.0,Laboratory Technician,2.0,Divorced,2694.0,1.0,No,11.0,3.0,3.0,3.0,1.0,4.0,3.0,1.0,0.0,0.0,0.0,0.0,0.0,0.038414224565718524,0.9615857754342815,No,No,No,No,No,No
33.0,No,Travel_Rarely,213.0,Research & Development,7.0,3.0,Medical,3.0,3.0,3.0,Research Director,3.0,Married,11691.0,0.0,No,11.0,3.0,4.0,0.0,14.0,3.0,4.0,13.0,9.0,3.0,7.0,1.0,3.0,0.006895266384787102,0.9931047336152129,No,No,No,No,No,No
29.0,No,Travel_Rarely,1252.0,Research & Development,23.0,2.0,Life Sciences,3.0,4.0,1.0,Research Scientist,3.0,Married,2700.0,1.0,No,24.0,4.0,3.0,1.0,10.0,3.0,3.0,10.0,7.0,0.0,7.0,1.0,0.0,0.011583795068567992,0.988416204931432,No,No,No,No,No,No
35.0,No,Travel_Rarely,1258.0,Research & Development,1.0,4.0,Life Sciences,4.0,4.0,1.0,Research Scientist,3.0,Single,2506.0,3.0,No,13.0,3.0,3.0,0.0,7.0,0.0,3.0,2.0,2.0,2.0,2.0,1.0,2.0,0.02941951941004295,0.970580480589957,No,No,No,No,No,No
42.0,No,Travel_Rarely,932.0,Research & Development,1.0,2.0,Life Sciences,4.0,2.0,2.0,Manufacturing Director,4.0,Married,6062.0,9.0,Yes,13.0,3.0,4.0,1.0,8.0,4.0,3.0,4.0,3.0,0.0,2.0,1.0,0.0,0.0990790696162327,0.9009209303837673,No,No,No,No,No,No
34.0,No,Travel_Frequently,702.0,Research & Development,16.0,4.0,Life Sciences,3.0,2.0,1.0,Research Scientist,4.0,Single,2553.0,1.0,No,16.0,3.0,3.0,0.0,6.0,3.0,3.0,5.0,2.0,1.0,3.0,0.0,1.0,0.11418350078533357,0.8858164992146664,No,No,No,No,No,No
28.0,No,Travel_Rarely,760.0,Sales,2.0,4.0,Marketing,2.0,3.0,2.0,Sales Executive,2.0,Married,4779.0,1.0,Yes,20.0,4.0,1.0,0.0,8.0,2.0,3.0,8.0,7.0,7.0,5.0,0.0,5.0,0.6767518417011822,0.32324815829881776,No,Yes,No,Yes,Yes,Yes
27.0,No,Non-Travel,443.0,Research & Development,3.0,3.0,Medical,4.0,3.0,1.0,Research Scientist,4.0,Married,1706.0,1.0,No,11.0,3.0,3.0,3.0,0.0,6.0,2.0,0.0,0.0,0.0,0.0,0.0,0.0,0.01418975714219639,0.9858102428578036,No,No,No,No,No,No
51.0,No,Travel_Rarely,1318.0,Sales,26.0,4.0,Marketing,1.0,3.0,4.0,Manager,3.0,Married,16307.0,2.0,No,14.0,3.0,3.0,1.0,29.0,2.0,2.0,20.0,6.0,4.0,17.0,0.0,4.0,0.034725333190126495,0.9652746668098735,No,No,No,No,No,No
44.0,No,Travel_Rarely,625.0,Research & Development,4.0,3.0,Medical,4.0,3.0,2.0,Healthcare Representative,2.0,Single,5933.0,9.0,No,12.0,3.0,4.0,0.0,10.0,2.0,2.0,5.0,2.0,2.0,3.0,1.0,2.0,0.1047192990886755,0.8952807009113245,No,No,No,No,No,No
25.0,No,Travel_Rarely,180.0,Research & Development,2.0,1.0,Medical,1.0,4.0,1.0,Research Scientist,1.0,Single,3424.0,7.0,No,13.0,3.0,3.0,0.0,6.0,3.0,2.0,4.0,3.0,0.0,1.0,1.0,0.0,0.45049644364899477,0.5495035563510052,No,No,Yes,No,No,No
30.0,No,Travel_Frequently,1012.0,Research & Development,5.0,4.0,Life Sciences,2.0,2.0,1.0,Research Scientist,4.0,Divorced,3761.0,9.0,No,12.0,3.0,2.0,1.0,10.0,3.0,2.0,5.0,4.0,0.0,3.0,0.0,0.0,0.1643853729504352,0.8356146270495648,No,No,No,No,No,No
53.0,No,Travel_Rarely,661.0,Sales,7.0,2.0,Marketing,1.0,2.0,3.0,Sales Executive,4.0,Married,10934.0,7.0,Yes,18.0,3.0,4.0,1.0,35.0,3.0,3.0,5.0,2.0,0.0,4.0,0.0,0.0,0.3299906999865724,0.6700093000134276,No,No,No,Yes,No,No
35.0,Yes,Travel_Frequently,130.0,Research & Development,25.0,4.0,Life Sciences,4.0,3.0,1.0,Research Scientist,2.0,Divorced,2022.0,1.0,Yes,19.0,3.0,1.0,1.0,10.0,3.0,2.0,10.0,2.0,7.0,8.0,0.0,2.0,0.41649092048819614,0.5835090795118039,No,No,No,No,No,No
24.0,No,Non-Travel,1269.0,Research & Development,4.0,1.0,Life Sciences,1.0,2.0,1.0,Laboratory Technician,4.0,Married,3162.0,0.0,No,17.0,3.0,4.0,0.0,6.0,2.0,2.0,5.0,2.0,3.0,4.0,0.0,2.0,0.15403354432533034,0.8459664556746697,No,No,No,No,No,No
42.0,No,Travel_Rarely,1265.0,Research & Development,3.0,3.0,Life Sciences,3.0,4.0,2.0,Laboratory Technician,4.0,Married,5231.0,2.0,Yes,13.0,3.0,2.0,1.0,17.0,1.0,2.0,5.0,3.0,1.0,3.0,1.0,1.0,0.04162986331586793,0.9583701366841321,No,No,No,No,No,No
29.0,Yes,Travel_Rarely,341.0,Sales,1.0,3.0,Medical,2.0,2.0,1.0,Sales Representative,3.0,Divorced,2800.0,6.0,Yes,19.0,3.0,3.0,3.0,5.0,3.0,3.0,3.0,2.0,0.0,2.0,0.0,0.0,0.5410406016751298,0.4589593983248702,No,Yes,Yes,Yes,Yes,Yes
53.0,No,Travel_Rarely,102.0,Research & Development,23.0,4.0,Life Sciences,4.0,3.0,4.0,Research Director,4.0,Single,14275.0,6.0,No,18.0,3.0,3.0,0.0,33.0,0.0,3.0,12.0,9.0,3.0,8.0,1.0,3.0,0.010757942226732986,0.989242057773267,No,No,No,No,No,No
28.0,No,Travel_Rarely,821.0,Sales,5.0,4.0,Medical,1.0,3.0,2.0,Sales Executive,4.0,Single,4908.0,1.0,No,14.0,3.0,2.0,0.0,4.0,3.0,3.0,4.0,2.0,0.0,2.0,0.0,0.0,0.14888498172672981,0.8511150182732702,No,No,No,No,No,No
20.0,Yes,Travel_Rarely,500.0,Sales,2.0,3.0,Medical,3.0,2.0,1.0,Sales Representative,3.0,Single,2044.0,1.0,No,13.0,3.0,4.0,0.0,2.0,3.0,2.0,2.0,2.0,0.0,2.0,0.0,0.0,0.39336899015392524,0.6066310098460748,No,No,Yes,No,No,No
36.0,No,Travel_Rarely,1425.0,Research & Development,14.0,1.0,Life Sciences,3.0,3.0,2.0,Healthcare Representative,4.0,Married,6586.0,0.0,Yes,17.0,3.0,1.0,1.0,17.0,2.0,2.0,16.0,8.0,4.0,11.0,1.0,4.0,0.07495703066490966,0.9250429693350903,No,No,No,No,No,No
39.0,Yes,Travel_Rarely,1122.0,Research & Development,6.0,3.0,Medical,4.0,3.0,1.0,Laboratory Technician,1.0,Married,2404.0,7.0,Yes,21.0,4.0,4.0,0.0,8.0,2.0,1.0,2.0,2.0,2.0,2.0,1.0,2.0,0.43110179754856637,0.5688982024514336,No,No,Yes,Yes,No,No
27.0,No,Travel_Rarely,618.0,Research & Development,4.0,3.0,Life Sciences,2.0,3.0,1.0,Research Scientist,3.0,Single,2318.0,1.0,No,19.0,3.0,3.0,0.0,1.0,2.0,3.0,1.0,1.0,0.0,0.0,1.0,0.0,0.0844059477225535,0.9155940522774465,No,No,No,No,No,No
58.0,No,Travel_Rarely,1272.0,Research & Development,5.0,3.0,Technical Degree,3.0,2.0,3.0,Healthcare Representative,2.0,Divorced,10552.0,2.0,Yes,13.0,3.0,4.0,1.0,24.0,3.0,3.0,6.0,0.0,0.0,4.0,1.0,0.0,0.033806632745383425,0.9661933672546166,No,No,No,No,No,No
31.0,No,Travel_Rarely,154.0,Sales,7.0,4.0,Life Sciences,2.0,2.0,1.0,Sales Representative,3.0,Married,2329.0,3.0,No,15.0,3.0,2.0,0.0,13.0,2.0,4.0,7.0,7.0,5.0,2.0,0.0,2.0,0.5002808922564677,0.4997191077435324,No,No,No,No,No,No
35.0,No,Travel_Rarely,1137.0,Research & Development,21.0,1.0,Life Sciences,4.0,3.0,2.0,Healthcare Representative,4.0,Married,4014.0,1.0,Yes,25.0,4.0,4.0,1.0,10.0,2.0,1.0,10.0,6.0,0.0,7.0,1.0,0.0,0.04527299749925151,0.9547270025007485,No,No,No,No,No,No
31.0,No,Non-Travel,1188.0,Sales,20.0,2.0,Marketing,4.0,3.0,2.0,Sales Executive,3.0,Married,6932.0,1.0,No,13.0,3.0,4.0,1.0,9.0,2.0,2.0,9.0,8.0,0.0,0.0,0.0,0.0,0.027277468015682538,0.9727225319843175,No,No,No,No,No,No
41.0,No,Travel_Rarely,263.0,Research & Development,6.0,3.0,Medical,4.0,3.0,1.0,Laboratory Technician,1.0,Single,4721.0,2.0,Yes,13.0,3.0,3.0,0.0,20.0,3.0,3.0,18.0,13.0,2.0,17.0,1.0,2.0,0.20009589708797215,0.7999041029120278,No,No,No,No,No,No
20.0,Yes,Travel_Rarely,129.0,Research & Development,4.0,3.0,Technical Degree,1.0,3.0,1.0,Laboratory Technician,1.0,Single,2973.0,1.0,No,19.0,3.0,2.0,0.0,1.0,2.0,3.0,1.0,0.0,0.0,0.0,1.0,0.0,0.5026308762986822,0.4973691237013178,No,No,Yes,No,No,No
37.0,Yes,Travel_Rarely,625.0,Sales,1.0,4.0,Life Sciences,1.0,2.0,3.0,Sales Executive,3.0,Married,10609.0,5.0,No,11.0,3.0,3.0,0.0,17.0,2.0,1.0,14.0,1.0,11.0,7.0,0.0,1.0,0.47045073488184985,0.5295492651181501,No,No,No,Yes,No,No
45.0,No,Non-Travel,805.0,Research & Development,4.0,2.0,Life Sciences,3.0,3.0,2.0,Laboratory Technician,2.0,Married,4447.0,1.0,No,12.0,3.0,2.0,0.0,9.0,5.0,2.0,9.0,7.0,0.0,8.0,0.0,0.0,0.01734805805008499,0.982651941949915,No,No,No,No,No,No
35.0,No,Travel_Rarely,882.0,Sales,3.0,4.0,Life Sciences,4.0,3.0,3.0,Sales Executive,4.0,Divorced,7823.0,6.0,No,13.0,3.0,2.0,1.0,12.0,2.0,3.0,10.0,9.0,0.0,8.0,0.0,0.0,0.006068841821314397,0.9939311581786856,No,No,No,No,No,No
40.0,Yes,Non-Travel,1479.0,Sales,24.0,3.0,Life Sciences,2.0,4.0,4.0,Sales Executive,2.0,Single,13194.0,4.0,Yes,16.0,3.0,4.0,0.0,22.0,2.0,2.0,1.0,0.0,0.0,0.0,0.0,0.0,0.1535033282912296,0.8464966717087704,No,No,No,No,No,No
29.0,Yes,Travel_Rarely,906.0,Research & Development,10.0,3.0,Life Sciences,4.0,2.0,1.0,Research Scientist,1.0,Single,2404.0,6.0,Yes,20.0,4.0,3.0,0.0,3.0,5.0,3.0,0.0,0.0,0.0,0.0,1.0,0.0,0.5749085662227374,0.42509143377726255,No,Yes,Yes,Yes,Yes,Yes
33.0,No,Travel_Rarely,461.0,Research & Development,13.0,1.0,Life Sciences,2.0,3.0,1.0,Research Scientist,4.0,Single,3452.0,3.0,No,18.0,3.0,1.0,0.0,5.0,4.0,3.0,3.0,2.0,0.0,2.0,1.0,0.0,0.12608284552059534,0.8739171544794047,No,No,No,No,No,No
50.0,No,Travel_Rarely,1126.0,Research & Development,1.0,2.0,Medical,4.0,3.0,4.0,Research Director,4.0,Divorced,17399.0,9.0,No,22.0,4.0,3.0,1.0,32.0,1.0,2.0,5.0,4.0,1.0,3.0,1.0,1.0,0.0020790893321588344,0.9979209106678412,No,No,No,No,No,No
27.0,No,Travel_Rarely,1134.0,Research & Development,16.0,4.0,Technical Degree,3.0,3.0,1.0,Laboratory Technician,2.0,Married,2811.0,9.0,No,14.0,3.0,2.0,1.0,4.0,2.0,3.0,2.0,2.0,2.0,2.0,1.0,2.0,0.3906827176713489,0.6093172823286511,No,No,No,No,No,No
45.0,No,Non-Travel,248.0,Research & Development,23.0,2.0,Life Sciences,4.0,3.0,2.0,Laboratory Technician,1.0,Married,3633.0,1.0,Yes,15.0,3.0,3.0,1.0,9.0,2.0,3.0,9.0,8.0,0.0,8.0,0.0,0.0,0.14194866147466423,0.8580513385253358,No,No,No,No,No,No
47.0,No,Travel_Rarely,955.0,Sales,4.0,2.0,Life Sciences,4.0,3.0,2.0,Sales Executive,4.0,Single,4163.0,1.0,Yes,17.0,3.0,3.0,0.0,9.0,0.0,3.0,9.0,0.0,0.0,7.0,0.0,0.0,0.10055278626105546,0.8994472137389445,No,No,No,No,No,No
30.0,Yes,Travel_Rarely,138.0,Research & Development,22.0,3.0,Life Sciences,1.0,3.0,1.0,Research Scientist,3.0,Married,2132.0,4.0,Yes,11.0,3.0,2.0,0.0,7.0,2.0,3.0,5.0,2.0,0.0,1.0,1.0,0.0,0.7322985432495022,0.2677014567504979,Yes,Yes,Yes,Yes,Yes,Yes
38.0,No,Travel_Frequently,1391.0,Research & Development,10.0,1.0,Medical,3.0,3.0,1.0,Research Scientist,3.0,Married,2684.0,0.0,No,17.0,3.0,2.0,1.0,3.0,0.0,2.0,2.0,1.0,0.0,2.0,0.0,0.0,0.06838910769982365,0.9316108923001764,No,No,No,No,No,No
35.0,Yes,Travel_Rarely,622.0,Research & Development,14.0,4.0,Other,3.0,2.0,1.0,Laboratory Technician,2.0,Divorced,3743.0,1.0,Yes,24.0,4.0,4.0,1.0,5.0,2.0,1.0,4.0,2.0,0.0,2.0,1.0,0.0,0.22814198689400322,0.7718580131059968,No,No,No,No,No,No
48.0,No,Travel_Rarely,1355.0,Research & Development,4.0,4.0,Life Sciences,3.0,2.0,3.0,Healthcare Representative,3.0,Single,10999.0,7.0,No,14.0,3.0,2.0,0.0,27.0,3.0,3.0,15.0,11.0,4.0,8.0,1.0,4.0,0.02782305882823044,0.9721769411717696,No,No,No,No,No,No
50.0,No,Travel_Rarely,804.0,Research & Development,9.0,3.0,Life Sciences,1.0,3.0,1.0,Laboratory Technician,4.0,Married,2380.0,4.0,No,18.0,3.0,2.0,0.0,8.0,5.0,3.0,1.0,0.0,0.0,0.0,1.0,0.0,0.05067389397698108,0.9493261060230189,No,No,No,No,No,No
36.0,Yes,Travel_Rarely,885.0,Research & Development,16.0,4.0,Life Sciences,3.0,4.0,1.0,Laboratory Technician,1.0,Single,2743.0,1.0,No,16.0,3.0,3.0,0.0,18.0,1.0,3.0,17.0,13.0,15.0,14.0,1.0,13.0,0.1834904239411712,0.8165095760588288,No,No,No,No,No,No
34.0,No,Travel_Rarely,1333.0,Sales,10.0,4.0,Life Sciences,3.0,3.0,1.0,Sales Representative,3.0,Married,2220.0,1.0,Yes,19.0,3.0,4.0,1.0,1.0,2.0,3.0,1.0,1.0,0.0,0.0,0.0,0.0,0.267198369317311,0.732801630682689,No,No,No,No,No,No
38.0,No,Travel_Rarely,330.0,Research & Development,17.0,1.0,Life Sciences,3.0,2.0,3.0,Healthcare Representative,3.0,Married,8823.0,0.0,No,18.0,3.0,1.0,1.0,20.0,4.0,2.0,19.0,9.0,1.0,9.0,1.0,1.0,0.010919309417420031,0.98908069058258,No,No,No,No,No,No
33.0,Yes,Travel_Rarely,1017.0,Research & Development,25.0,3.0,Medical,1.0,2.0,1.0,Research Scientist,2.0,Single,2313.0,4.0,Yes,20.0,4.0,2.0,0.0,5.0,0.0,3.0,2.0,2.0,2.0,2.0,1.0,2.0,0.939526438600565,0.060473561399435015,Yes,Yes,Yes,Yes,Yes,Yes
31.0,No,Travel_Frequently,793.0,Sales,20.0,3.0,Life Sciences,3.0,4.0,1.0,Sales Representative,4.0,Married,2791.0,0.0,No,12.0,3.0,1.0,1.0,3.0,4.0,3.0,2.0,2.0,2.0,2.0,0.0,2.0,0.0746716518185202,0.9253283481814798,No,No,No,No,No,No
28.0,No,Travel_Rarely,1451.0,Research & Development,2.0,1.0,Life Sciences,1.0,2.0,1.0,Research Scientist,2.0,Married,3201.0,0.0,No,17.0,3.0,1.0,0.0,6.0,2.0,1.0,5.0,3.0,0.0,4.0,1.0,0.0,0.20966710044150005,0.7903328995585,No,No,Yes,No,No,No
49.0,No,Travel_Rarely,174.0,Sales,8.0,4.0,Technical Degree,4.0,2.0,4.0,Sales Executive,2.0,Married,13120.0,6.0,No,17.0,3.0,2.0,1.0,22.0,3.0,3.0,9.0,8.0,2.0,3.0,0.0,2.0,0.030743457712304134,0.9692565422876959,No,No,No,No,No,No
29.0,No,Travel_Rarely,718.0,Research & Development,8.0,1.0,Medical,2.0,2.0,2.0,Manufacturing Director,4.0,Married,5056.0,1.0,Yes,15.0,3.0,3.0,1.0,10.0,2.0,2.0,10.0,7.0,1.0,2.0,1.0,1.0,0.23706817623061205,0.762931823769388,No,No,No,No,No,No
29.0,Yes,Travel_Rarely,408.0,Sales,23.0,1.0,Life Sciences,4.0,2.0,3.0,Sales Executive,1.0,Married,7336.0,1.0,No,13.0,3.0,1.0,1.0,11.0,3.0,1.0,11.0,8.0,3.0,10.0,0.0,3.0,0.16201051161060598,0.837989488389394,No,No,No,No,No,No
34.0,No,Travel_Frequently,669.0,Research & Development,1.0,3.0,Medical,4.0,2.0,2.0,Healthcare Representative,1.0,Single,5343.0,0.0,No,20.0,4.0,3.0,0.0,14.0,3.0,3.0,13.0,9.0,4.0,9.0,0.0,4.0,0.060410618493199175,0.9395893815068008,No,No,No,No,No,No
56.0,No,Travel_Rarely,718.0,Research & Development,4.0,4.0,Technical Degree,4.0,3.0,5.0,Manager,1.0,Divorced,19943.0,4.0,No,13.0,3.0,4.0,1.0,28.0,2.0,3.0,5.0,2.0,4.0,2.0,1.0,2.0,0.002066266804864214,0.9979337331951358,No,No,No,No,No,No
37.0,No,Travel_Rarely,977.0,Research & Development,1.0,3.0,Life Sciences,4.0,2.0,2.0,Manufacturing Director,4.0,Married,6474.0,1.0,No,13.0,3.0,2.0,1.0,14.0,2.0,2.0,14.0,8.0,3.0,11.0,1.0,3.0,0.00912570987712491,0.9908742901228751,No,No,No,No,No,No
20.0,No,Travel_Rarely,805.0,Research & Development,3.0,3.0,Life Sciences,1.0,2.0,1.0,Laboratory Technician,3.0,Single,3033.0,1.0,No,12.0,3.0,1.0,0.0,2.0,2.0,2.0,2.0,2.0,1.0,2.0,1.0,1.0,0.4610709391401251,0.5389290608598749,No,No,Yes,No,No,No
29.0,No,Travel_Rarely,942.0,Research & Development,15.0,1.0,Life Sciences,2.0,1.0,1.0,Research Scientist,4.0,Married,2168.0,0.0,Yes,18.0,3.0,1.0,1.0,6.0,2.0,2.0,5.0,4.0,1.0,3.0,1.0,1.0,0.5774732525337796,0.42252674746622043,No,Yes,Yes,Yes,Yes,Yes
46.0,No,Travel_Rarely,1402.0,Sales,2.0,3.0,Marketing,3.0,3.0,4.0,Manager,1.0,Married,17048.0,8.0,No,23.0,4.0,1.0,0.0,28.0,2.0,3.0,26.0,15.0,15.0,9.0,0.0,9.0,0.11663532959752065,0.8833646704024793,No,No,No,No,No,No
30.0,No,Travel_Rarely,1329.0,Sales,29.0,4.0,Life Sciences,3.0,3.0,2.0,Sales Executive,1.0,Divorced,4115.0,8.0,No,19.0,3.0,3.0,3.0,8.0,3.0,3.0,4.0,3.0,0.0,3.0,0.0,0.0,0.08684789554233352,0.9131521044576665,No,No,No,No,No,No
32.0,No,Travel_Frequently,1316.0,Research & Development,2.0,2.0,Life Sciences,4.0,3.0,2.0,Research Scientist,3.0,Single,4998.0,4.0,Yes,14.0,3.0,4.0,0.0,10.0,2.0,3.0,8.0,7.0,0.0,7.0,0.0,0.0,0.1306933013083167,0.8693066986916833,No,No,No,No,No,No
33.0,No,Travel_Rarely,117.0,Research & Development,9.0,3.0,Medical,1.0,3.0,1.0,Research Scientist,4.0,Married,2781.0,0.0,No,13.0,3.0,2.0,1.0,15.0,5.0,3.0,14.0,10.0,4.0,10.0,1.0,4.0,0.04758908347538238,0.9524109165246176,No,No,No,No,No,No
27.0,No,Travel_Rarely,1103.0,Research & Development,14.0,3.0,Life Sciences,1.0,3.0,1.0,Research Scientist,1.0,Married,2235.0,1.0,Yes,14.0,3.0,4.0,2.0,9.0,3.0,2.0,9.0,7.0,6.0,8.0,1.0,6.0,0.5326758296052962,0.4673241703947038,No,Yes,No,Yes,Yes,Yes
54.0,No,Travel_Rarely,685.0,Research & Development,3.0,3.0,Life Sciences,4.0,3.0,4.0,Research Director,4.0,Married,17779.0,3.0,No,14.0,3.0,1.0,0.0,36.0,2.0,3.0,10.0,9.0,0.0,9.0,1.0,0.0,0.0013176243577190938,0.9986823756422809,No,No,No,No,No,No
43.0,No,Travel_Rarely,920.0,Research & Development,3.0,3.0,Life Sciences,3.0,1.0,5.0,Research Director,4.0,Married,19740.0,3.0,No,14.0,3.0,2.0,1.0,25.0,2.0,3.0,8.0,7.0,0.0,7.0,1.0,0.0,0.0034303562717440395,0.996569643728256,No,No,No,No,No,No
34.0,No,Travel_Rarely,1320.0,Research & Development,20.0,3.0,Technical Degree,3.0,4.0,1.0,Research Scientist,3.0,Married,2585.0,0.0,No,17.0,3.0,4.0,0.0,2.0,5.0,2.0,1.0,0.0,0.0,0.0,1.0,0.0,0.026883141437025415,0.9731168585629746,No,No,No,No,No,No
23.0,No,Travel_Rarely,373.0,Research & Development,1.0,2.0,Life Sciences,4.0,3.0,1.0,Research Scientist,3.0,Married,1223.0,1.0,No,22.0,4.0,4.0,1.0,1.0,2.0,3.0,1.0,0.0,0.0,1.0,1.0,0.0,0.015748696551731833,0.9842513034482682,No,No,No,No,No,No
34.0,No,Travel_Rarely,131.0,Sales,2.0,3.0,Marketing,3.0,3.0,2.0,Sales Executive,1.0,Single,4538.0,0.0,Yes,12.0,3.0,4.0,0.0,4.0,3.0,3.0,3.0,2.0,0.0,2.0,0.0,0.0,0.5071915151678339,0.4928084848321661,No,Yes,Yes,No,Yes,Yes
51.0,No,Travel_Frequently,968.0,Research & Development,6.0,2.0,Medical,2.0,2.0,1.0,Laboratory Technician,3.0,Single,2838.0,0.0,No,14.0,3.0,2.0,0.0,8.0,6.0,2.0,7.0,0.0,7.0,7.0,0.0,0.0,0.3253571070206953,0.6746428929793047,No,No,No,No,No,No
32.0,No,Travel_Rarely,604.0,Sales,8.0,3.0,Medical,3.0,4.0,2.0,Sales Executive,4.0,Married,6209.0,1.0,No,15.0,3.0,3.0,2.0,10.0,4.0,4.0,10.0,7.0,0.0,8.0,0.0,0.0,0.005804513606048389,0.9941954863939516,No,No,No,No,No,No
58.0,No,Travel_Rarely,848.0,Research & Development,23.0,4.0,Life Sciences,1.0,3.0,1.0,Research Scientist,3.0,Divorced,2372.0,1.0,No,12.0,3.0,4.0,2.0,2.0,3.0,3.0,2.0,2.0,2.0,2.0,1.0,2.0,0.026327553354148492,0.9736724466458515,No,No,No,No,No,No
32.0,Yes,Travel_Rarely,1089.0,Research & Development,7.0,2.0,Life Sciences,4.0,3.0,2.0,Laboratory Technician,3.0,Married,4883.0,1.0,No,18.0,3.0,1.0,1.0,10.0,3.0,3.0,10.0,4.0,1.0,1.0,1.0,1.0,0.007068161384792604,0.9929318386152074,No,No,No,No,No,No
46.0,No,Travel_Rarely,991.0,Human Resources,1.0,2.0,Life Sciences,4.0,3.0,1.0,Human Resources,1.0,Single,3423.0,6.0,No,12.0,3.0,3.0,0.0,10.0,3.0,4.0,7.0,6.0,5.0,7.0,0.0,5.0,0.17932697799371822,0.8206730220062818,No,No,No,No,No,No
41.0,No,Non-Travel,256.0,Sales,10.0,2.0,Medical,3.0,1.0,2.0,Sales Executive,2.0,Single,6151.0,1.0,No,13.0,3.0,1.0,0.0,19.0,4.0,3.0,19.0,2.0,11.0,9.0,0.0,2.0,0.5002846591519747,0.4997153408480252,No,No,No,No,No,No
42.0,No,Non-Travel,495.0,Research & Development,2.0,1.0,Life Sciences,3.0,3.0,4.0,Manager,3.0,Married,17861.0,0.0,Yes,13.0,3.0,4.0,0.0,21.0,3.0,2.0,20.0,8.0,2.0,10.0,0.0,2.0,0.009863220639125148,0.9901367793608749,No,No,No,No,No,No
40.0,No,Non-Travel,458.0,Research & Development,16.0,2.0,Life Sciences,3.0,3.0,1.0,Research Scientist,3.0,Divorced,3544.0,9.0,No,16.0,3.0,2.0,1.0,6.0,0.0,3.0,4.0,2.0,0.0,0.0,0.0,0.0,0.11468118875651856,0.8853188112434814,No,No,No,No,No,No
35.0,No,Travel_Frequently,482.0,Research & Development,4.0,4.0,Life Sciences,3.0,3.0,2.0,Research Scientist,3.0,Single,4249.0,1.0,Yes,11.0,3.0,2.0,0.0,9.0,3.0,3.0,9.0,6.0,1.0,1.0,0.0,1.0,0.20867644484929304,0.791323555150707,No,No,No,No,No,No
51.0,No,Travel_Rarely,770.0,Human Resources,5.0,3.0,Life Sciences,3.0,3.0,4.0,Manager,2.0,Divorced,14026.0,1.0,Yes,11.0,3.0,2.0,1.0,33.0,2.0,3.0,33.0,9.0,0.0,10.0,0.0,0.0,0.0038291129945502433,0.9961708870054498,No,No,No,No,No,No
35.0,No,Travel_Rarely,817.0,Research & Development,1.0,3.0,Medical,4.0,2.0,2.0,Laboratory Technician,4.0,Married,5363.0,0.0,No,12.0,3.0,2.0,1.0,10.0,0.0,3.0,9.0,7.0,0.0,0.0,1.0,0.0,0.010769026920320224,0.9892309730796798,No,No,No,No,No,No
55.0,Yes,Travel_Rarely,267.0,Sales,13.0,4.0,Marketing,1.0,4.0,4.0,Sales Executive,3.0,Single,13695.0,6.0,Yes,17.0,3.0,3.0,0.0,24.0,2.0,2.0,19.0,7.0,3.0,8.0,0.0,3.0,0.21030612349987032,0.7896938765001297,No,No,No,Yes,No,No
39.0,No,Travel_Rarely,1498.0,Sales,21.0,4.0,Life Sciences,1.0,2.0,2.0,Sales Executive,4.0,Married,6120.0,3.0,Yes,12.0,3.0,4.0,2.0,8.0,2.0,4.0,5.0,4.0,1.0,4.0,0.0,1.0,0.38245401664956125,0.6175459833504388,No,No,Yes,No,No,No
33.0,No,Travel_Frequently,1111.0,Sales,5.0,1.0,Life Sciences,2.0,3.0,2.0,Sales Executive,4.0,Married,9998.0,6.0,No,13.0,3.0,1.0,0.0,8.0,2.0,4.0,5.0,4.0,1.0,2.0,0.0,1.0,0.08352037689107095,0.916479623108929,No,No,No,No,No,No
32.0,No,Travel_Rarely,499.0,Sales,2.0,1.0,Marketing,3.0,3.0,2.0,Sales Executive,2.0,Married,4078.0,0.0,Yes,13.0,3.0,1.0,3.0,4.0,3.0,2.0,3.0,2.0,1.0,2.0,0.0,1.0,0.3740404294179186,0.6259595705820814,No,No,Yes,No,No,No
25.0,No,Travel_Rarely,1372.0,Sales,18.0,1.0,Life Sciences,1.0,4.0,2.0,Sales Executive,3.0,Married,6232.0,2.0,No,11.0,3.0,2.0,0.0,6.0,3.0,2.0,3.0,2.0,1.0,2.0,0.0,1.0,0.18962994178663783,0.8103700582133622,No,No,Yes,No,No,No
27.0,No,Travel_Rarely,205.0,Sales,10.0,3.0,Marketing,4.0,2.0,2.0,Sales Executive,4.0,Married,5769.0,1.0,Yes,11.0,3.0,4.0,0.0,6.0,3.0,3.0,6.0,2.0,4.0,4.0,0.0,2.0,0.4280338593605907,0.5719661406394093,No,No,Yes,No,No,No
26.0,No,Travel_Rarely,683.0,Research & Development,2.0,1.0,Medical,1.0,2.0,1.0,Research Scientist,4.0,Single,3904.0,0.0,No,12.0,3.0,4.0,0.0,5.0,2.0,3.0,4.0,3.0,1.0,1.0,1.0,1.0,0.19320688563938326,0.8067931143606167,No,No,Yes,No,No,No
31.0,Yes,Travel_Frequently,667.0,Sales,1.0,4.0,Life Sciences,2.0,1.0,1.0,Sales Representative,3.0,Single,1359.0,1.0,No,12.0,3.0,2.0,0.0,1.0,3.0,3.0,1.0,0.0,0.0,0.0,0.0,0.0,0.5091998987752149,0.49080010122478507,Yes,Yes,Yes,Yes,Yes,Yes
31.0,Yes,Travel_Rarely,202.0,Research & Development,8.0,3.0,Life Sciences,1.0,2.0,1.0,Research Scientist,2.0,Single,1261.0,1.0,No,12.0,3.0,3.0,0.0,1.0,3.0,4.0,1.0,0.0,0.0,0.0,1.0,0.0,0.32144908812585793,0.6785509118741421,No,No,Yes,No,No,No
27.0,No,Travel_Rarely,1377.0,Research & Development,11.0,1.0,Life Sciences,2.0,3.0,1.0,Laboratory Technician,1.0,Married,2099.0,0.0,No,14.0,3.0,2.0,0.0,6.0,3.0,4.0,5.0,0.0,1.0,4.0,1.0,0.0,0.10325231517122468,0.8967476848287753,No,No,No,No,No,No
36.0,No,Travel_Rarely,172.0,Research & Development,4.0,4.0,Life Sciences,1.0,2.0,2.0,Laboratory Technician,4.0,Single,5810.0,1.0,No,16.0,3.0,3.0,0.0,10.0,2.0,2.0,10.0,4.0,1.0,8.0,1.0,1.0,0.07664756084773283,0.9233524391522672,No,No,No,No,No,No
46.0,Yes,Travel_Rarely,377.0,Sales,9.0,3.0,Marketing,1.0,3.0,3.0,Sales Executive,4.0,Divorced,10096.0,4.0,No,11.0,3.0,1.0,1.0,28.0,1.0,4.0,7.0,7.0,4.0,3.0,0.0,3.0,0.07966261504457839,0.9203373849554216,No,No,No,Yes,No,No
31.0,Yes,Travel_Frequently,1445.0,Research & Development,1.0,5.0,Life Sciences,3.0,4.0,3.0,Manufacturing Director,2.0,Single,7446.0,1.0,No,11.0,3.0,1.0,0.0,10.0,2.0,3.0,10.0,8.0,4.0,7.0,0.0,4.0,0.022026400584777006,0.977973599415223,No,No,No,No,No,No
45.0,No,Travel_Rarely,1448.0,Research & Development,29.0,3.0,Technical Degree,2.0,3.0,3.0,Manufacturing Director,4.0,Married,9380.0,4.0,Yes,18.0,3.0,4.0,2.0,10.0,4.0,4.0,3.0,1.0,1.0,2.0,1.0,1.0,0.08278830180993146,0.9172116981900685,No,No,No,Yes,No,No
34.0,Yes,Travel_Rarely,1107.0,Human Resources,9.0,4.0,Technical Degree,1.0,3.0,1.0,Human Resources,3.0,Married,2742.0,1.0,No,15.0,3.0,4.0,0.0,2.0,0.0,3.0,2.0,2.0,2.0,2.0,0.0,2.0,0.33006483568694467,0.6699351643130553,No,No,Yes,Yes,No,No
44.0,No,Non-Travel,981.0,Research & Development,5.0,3.0,Life Sciences,3.0,2.0,1.0,Laboratory Technician,3.0,Single,3162.0,3.0,No,14.0,3.0,4.0,0.0,7.0,5.0,3.0,5.0,2.0,0.0,3.0,0.0,0.0,0.05820345482677558,0.9417965451732244,No,No,No,No,No,No
30.0,No,Travel_Rarely,330.0,Human Resources,1.0,3.0,Life Sciences,3.0,3.0,1.0,Human Resources,3.0,Divorced,2064.0,0.0,No,21.0,4.0,1.0,1.0,6.0,3.0,4.0,5.0,3.0,1.0,3.0,0.0,1.0,0.0241000773161536,0.9758999226838464,No,No,No,No,No,No
28.0,Yes,Travel_Frequently,289.0,Research & Development,2.0,2.0,Medical,3.0,2.0,1.0,Laboratory Technician,1.0,Single,2561.0,7.0,No,11.0,3.0,3.0,0.0,8.0,2.0,2.0,0.0,0.0,0.0,0.0,0.0,0.0,0.6977020395944995,0.30229796040550055,Yes,Yes,Yes,Yes,Yes,Yes
28.0,No,Travel_Frequently,467.0,Sales,7.0,3.0,Life Sciences,3.0,3.0,2.0,Sales Executive,1.0,Single,4898.0,0.0,No,14.0,3.0,4.0,0.0,5.0,5.0,3.0,4.0,2.0,1.0,3.0,0.0,1.0,0.06756362313260522,0.9324363768673948,No,No,No,No,No,No
33.0,No,Travel_Rarely,516.0,Research & Development,8.0,5.0,Life Sciences,4.0,3.0,2.0,Healthcare Representative,3.0,Single,6388.0,2.0,Yes,17.0,3.0,1.0,0.0,14.0,6.0,3.0,0.0,0.0,0.0,0.0,1.0,0.0,0.10842353262692306,0.8915764673730769,No,No,No,No,No,No
35.0,No,Travel_Rarely,1029.0,Research & Development,16.0,3.0,Life Sciences,4.0,2.0,3.0,Healthcare Representative,2.0,Single,8606.0,1.0,No,19.0,3.0,4.0,0.0,11.0,3.0,1.0,11.0,8.0,3.0,3.0,1.0,3.0,0.024678622846314502,0.9753213771536855,No,No,No,No,No,No
37.0,No,Travel_Rarely,674.0,Research & Development,13.0,3.0,Medical,1.0,3.0,2.0,Research Scientist,4.0,Married,4285.0,1.0,No,17.0,3.0,1.0,0.0,10.0,2.0,3.0,10.0,8.0,3.0,7.0,1.0,3.0,0.0529977721632946,0.9470022278367054,No,No,No,No,No,No
40.0,No,Non-Travel,1142.0,Research & Development,8.0,2.0,Life Sciences,4.0,3.0,2.0,Healthcare Representative,4.0,Divorced,4069.0,3.0,Yes,18.0,3.0,3.0,0.0,8.0,2.0,3.0,2.0,2.0,2.0,2.0,0.0,2.0,0.049674239439715495,0.9503257605602845,No,No,No,No,No,No
45.0,No,Travel_Rarely,538.0,Research & Development,1.0,4.0,Technical Degree,1.0,3.0,3.0,Healthcare Representative,2.0,Divorced,7441.0,1.0,No,12.0,3.0,1.0,3.0,10.0,4.0,3.0,10.0,8.0,7.0,7.0,1.0,7.0,0.022350207345691597,0.9776497926543084,No,No,No,No,No,No
32.0,No,Non-Travel,1200.0,Research & Development,1.0,4.0,Technical Degree,4.0,3.0,2.0,Research Scientist,1.0,Married,4087.0,4.0,No,14.0,3.0,2.0,1.0,9.0,3.0,2.0,6.0,5.0,1.0,2.0,0.0,1.0,0.05298583232802989,0.9470141676719701,No,No,No,No,No,No
48.0,No,Travel_Rarely,1108.0,Research & Development,15.0,4.0,Other,3.0,3.0,1.0,Research Scientist,1.0,Married,2367.0,8.0,No,12.0,3.0,4.0,1.0,10.0,3.0,2.0,8.0,2.0,7.0,6.0,1.0,2.0,0.2899827416625338,0.7100172583374662,No,No,No,Yes,No,No
35.0,No,Travel_Rarely,670.0,Research & Development,10.0,4.0,Medical,1.0,3.0,2.0,Healthcare Representative,3.0,Single,6142.0,3.0,Yes,16.0,3.0,3.0,0.0,10.0,4.0,3.0,5.0,2.0,0.0,4.0,1.0,0.0,0.36691381968663916,0.6330861803133608,No,No,No,No,No,No
50.0,No,Travel_Rarely,264.0,Sales,9.0,3.0,Marketing,3.0,3.0,5.0,Manager,3.0,Married,19331.0,4.0,Yes,16.0,3.0,3.0,1.0,27.0,2.0,3.0,1.0,0.0,0.0,0.0,0.0,0.0,0.058412768622431055,0.941587231377569,No,No,No,No,No,No
36.0,No,Travel_Frequently,1302.0,Research & Development,6.0,4.0,Life Sciences,1.0,4.0,2.0,Laboratory Technician,1.0,Married,5562.0,3.0,Yes,13.0,3.0,4.0,1.0,9.0,3.0,3.0,3.0,2.0,0.0,2.0,0.0,0.0,0.21376266412696243,0.7862373358730376,No,No,No,No,No,No
40.0,No,Travel_Rarely,118.0,Sales,14.0,2.0,Life Sciences,4.0,3.0,2.0,Sales Executive,1.0,Married,4639.0,1.0,No,15.0,3.0,3.0,1.0,5.0,2.0,3.0,5.0,4.0,1.0,2.0,0.0,1.0,0.052579038768587716,0.9474209612314123,No,No,No,No,No,No
28.0,Yes,Travel_Rarely,329.0,Research & Development,24.0,3.0,Medical,3.0,3.0,1.0,Laboratory Technician,2.0,Married,2408.0,1.0,Yes,17.0,3.0,3.0,3.0,1.0,3.0,3.0,1.0,1.0,0.0,0.0,1.0,0.0,0.28509689430505436,0.7149031056949456,No,No,No,Yes,No,No
22.0,No,Non-Travel,457.0,Research & Development,26.0,2.0,Other,2.0,2.0,1.0,Research Scientist,3.0,Married,2814.0,1.0,Yes,14.0,3.0,2.0,0.0,4.0,2.0,2.0,4.0,2.0,1.0,3.0,0.0,1.0,0.8565632352207032,0.1434367647792968,Yes,Yes,Yes,No,Yes,Yes
32.0,No,Travel_Rarely,634.0,Research & Development,5.0,4.0,Other,2.0,4.0,1.0,Research Scientist,4.0,Married,3312.0,3.0,No,17.0,3.0,4.0,2.0,6.0,3.0,3.0,3.0,2.0,0.0,2.0,1.0,0.0,0.015031442479649493,0.9849685575203505,No,No,No,No,No,No
39.0,No,Travel_Rarely,1387.0,Research & Development,10.0,5.0,Medical,2.0,3.0,2.0,Manufacturing Director,1.0,Married,5377.0,2.0,No,13.0,3.0,4.0,3.0,10.0,3.0,3.0,7.0,7.0,7.0,7.0,1.0,7.0,0.034961915503147756,0.9650380844968522,No,No,No,No,No,No
39.0,No,Travel_Rarely,170.0,Research & Development,3.0,2.0,Medical,3.0,2.0,2.0,Laboratory Technician,3.0,Divorced,3069.0,0.0,No,15.0,3.0,4.0,1.0,11.0,3.0,3.0,10.0,8.0,0.0,7.0,1.0,0.0,0.007028827371054147,0.9929711726289459,No,No,No,No,No,No
24.0,No,Travel_Frequently,567.0,Research & Development,2.0,1.0,Technical Degree,1.0,3.0,1.0,Research Scientist,4.0,Single,3760.0,1.0,Yes,13.0,3.0,3.0,0.0,6.0,2.0,3.0,6.0,3.0,1.0,3.0,0.0,1.0,0.7541020779742397,0.24589792202576033,No,Yes,Yes,Yes,Yes,Yes
27.0,No,Travel_Rarely,486.0,Research & Development,8.0,3.0,Medical,2.0,4.0,1.0,Research Scientist,3.0,Married,3517.0,7.0,No,17.0,3.0,1.0,0.0,5.0,0.0,3.0,3.0,2.0,0.0,2.0,1.0,0.0,0.16806676421679434,0.8319332357832057,No,No,No,No,No,No
29.0,No,Travel_Rarely,469.0,Sales,10.0,3.0,Medical,3.0,2.0,2.0,Sales Executive,3.0,Single,5869.0,9.0,No,11.0,3.0,3.0,0.0,8.0,2.0,3.0,5.0,2.0,1.0,4.0,0.0,1.0,0.49934795152363165,0.5006520484763683,No,No,Yes,No,No,No
49.0,No,Travel_Rarely,301.0,Research & Development,22.0,4.0,Other,1.0,3.0,4.0,Research Director,2.0,Married,16413.0,3.0,No,16.0,3.0,2.0,2.0,27.0,2.0,3.0,4.0,2.0,1.0,2.0,1.0,1.0,0.029868155201589808,0.9701318447984102,No,No,No,No,No,No
32.0,No,Travel_Rarely,977.0,Research & Development,2.0,3.0,Medical,4.0,3.0,2.0,Research Scientist,2.0,Divorced,5470.0,0.0,No,13.0,3.0,3.0,2.0,10.0,4.0,2.0,9.0,5.0,1.0,6.0,1.0,1.0,0.003099277061745509,0.9969007229382545,No,No,No,No,No,No
31.0,No,Travel_Rarely,1112.0,Sales,5.0,4.0,Life Sciences,1.0,3.0,2.0,Sales Executive,4.0,Married,5476.0,1.0,No,11.0,3.0,1.0,2.0,10.0,2.0,3.0,10.0,0.0,0.0,2.0,0.0,0.0,0.04742625922904542,0.9525737407709546,No,No,No,No,No,No
47.0,No,Travel_Rarely,1225.0,Sales,2.0,4.0,Life Sciences,2.0,4.0,4.0,Manager,2.0,Divorced,15972.0,6.0,No,14.0,3.0,3.0,3.0,29.0,2.0,3.0,3.0,2.0,1.0,2.0,0.0,1.0,0.004553047568060076,0.9954469524319399,No,No,No,No,No,No
20.0,No,Travel_Rarely,727.0,Sales,9.0,1.0,Life Sciences,4.0,3.0,1.0,Sales Representative,1.0,Single,2728.0,1.0,No,11.0,3.0,1.0,0.0,2.0,3.0,3.0,2.0,2.0,0.0,2.0,0.0,0.0,0.437693450100738,0.562306549899262,No,No,Yes,Yes,No,No
44.0,No,Travel_Rarely,528.0,Human Resources,1.0,3.0,Life Sciences,3.0,3.0,1.0,Human Resources,4.0,Divorced,3195.0,4.0,Yes,18.0,3.0,1.0,3.0,8.0,2.0,3.0,2.0,2.0,2.0,2.0,0.0,2.0,0.13679483328762831,0.8632051667123717,No,No,No,No,No,No
48.0,Yes,Travel_Frequently,708.0,Sales,7.0,2.0,Medical,4.0,3.0,1.0,Sales Representative,3.0,Married,2655.0,2.0,Yes,11.0,3.0,3.0,2.0,19.0,3.0,3.0,9.0,7.0,7.0,7.0,0.0,7.0,0.29079734849312333,0.7092026515068767,No,No,No,Yes,No,No
32.0,Yes,Travel_Rarely,1259.0,Research & Development,2.0,4.0,Life Sciences,4.0,3.0,1.0,Laboratory Technician,2.0,Single,1393.0,1.0,No,12.0,3.0,1.0,0.0,1.0,2.0,3.0,1.0,0.0,0.0,0.0,1.0,0.0,0.06258898315850525,0.9374110168414947,No,No,No,No,No,No
34.0,No,Travel_Rarely,678.0,Research & Development,19.0,3.0,Life Sciences,2.0,2.0,1.0,Research Scientist,4.0,Married,2929.0,1.0,No,12.0,3.0,2.0,0.0,10.0,3.0,3.0,10.0,9.0,8.0,7.0,1.0,7.0,0.1904473429914615,0.8095526570085385,No,No,No,No,No,No
44.0,No,Travel_Rarely,921.0,Research & Development,2.0,3.0,Life Sciences,3.0,4.0,3.0,Healthcare Representative,4.0,Married,7879.0,1.0,Yes,19.0,3.0,2.0,1.0,9.0,2.0,3.0,8.0,7.0,6.0,7.0,1.0,6.0,0.01618797969566832,0.9838120203043317,No,No,No,No,No,No
47.0,Yes,Travel_Frequently,1093.0,Sales,9.0,3.0,Life Sciences,3.0,1.0,4.0,Sales Executive,3.0,Married,12936.0,7.0,No,11.0,3.0,3.0,0.0,25.0,3.0,1.0,23.0,5.0,14.0,10.0,0.0,5.0,0.18806335816365705,0.811936641836343,No,No,No,Yes,No,No
32.0,No,Travel_Frequently,585.0,Research & Development,10.0,3.0,Life Sciences,1.0,3.0,1.0,Research Scientist,3.0,Married,3433.0,6.0,No,13.0,3.0,1.0,1.0,10.0,3.0,2.0,5.0,2.0,1.0,3.0,0.0,1.0,0.33833759201959845,0.6616624079804015,No,No,No,No,No,No
24.0,No,Travel_Rarely,506.0,Research & Development,29.0,1.0,Medical,2.0,3.0,1.0,Laboratory Technician,1.0,Divorced,3907.0,1.0,No,13.0,3.0,2.0,3.0,6.0,2.0,4.0,6.0,2.0,1.0,2.0,1.0,1.0,0.11855118820075228,0.8814488117992477,No,No,No,No,No,No
47.0,No,Non-Travel,543.0,Sales,2.0,4.0,Marketing,3.0,3.0,2.0,Sales Executive,2.0,Married,4978.0,7.0,No,11.0,3.0,4.0,1.0,4.0,3.0,1.0,1.0,0.0,0.0,0.0,0.0,0.0,0.09881351016540185,0.9011864898345981,No,No,No,No,No,No
46.0,No,Travel_Rarely,1277.0,Sales,2.0,3.0,Life Sciences,3.0,3.0,3.0,Sales Executive,4.0,Divorced,10368.0,4.0,Yes,12.0,3.0,2.0,1.0,13.0,5.0,2.0,10.0,6.0,0.0,3.0,0.0,0.0,0.021858650791591105,0.9781413492084089,No,No,No,No,No,No
39.0,No,Non-Travel,792.0,Research & Development,1.0,3.0,Life Sciences,4.0,3.0,2.0,Laboratory Technician,4.0,Married,6472.0,1.0,Yes,15.0,3.0,4.0,1.0,9.0,2.0,3.0,9.0,8.0,5.0,8.0,0.0,5.0,0.0306028769502521,0.9693971230497479,No,No,No,No,No,No
45.0,No,Travel_Rarely,176.0,Human Resources,4.0,3.0,Life Sciences,3.0,1.0,3.0,Human Resources,3.0,Married,9756.0,4.0,No,21.0,4.0,3.0,2.0,9.0,2.0,4.0,5.0,0.0,0.0,3.0,0.0,0.0,0.027330790626895474,0.9726692093731045,No,No,No,No,No,No
30.0,Yes,Travel_Frequently,600.0,Human Resources,8.0,3.0,Human Resources,3.0,2.0,1.0,Human Resources,4.0,Divorced,2180.0,6.0,No,11.0,3.0,3.0,1.0,6.0,0.0,2.0,4.0,2.0,1.0,2.0,0.0,1.0,0.33995222679748527,0.6600477732025147,No,No,Yes,Yes,No,No
38.0,No,Travel_Frequently,594.0,Research & Development,2.0,2.0,Medical,3.0,2.0,1.0,Laboratory Technician,2.0,Married,2468.0,4.0,No,14.0,3.0,2.0,1.0,9.0,4.0,2.0,6.0,1.0,0.0,5.0,0.0,0.0,0.14905603883033935,0.8509439611696606,No,No,No,No,No,No
29.0,No,Travel_Rarely,590.0,Research & Development,4.0,3.0,Technical Degree,4.0,2.0,1.0,Research Scientist,1.0,Divorced,2109.0,1.0,No,13.0,3.0,3.0,1.0,1.0,2.0,3.0,1.0,0.0,0.0,0.0,1.0,0.0,0.07036287656250129,0.9296371234374987,No,No,No,No,No,No
30.0,No,Travel_Rarely,305.0,Research & Development,16.0,3.0,Life Sciences,3.0,4.0,2.0,Healthcare Representative,3.0,Married,5294.0,3.0,No,16.0,3.0,3.0,1.0,10.0,3.0,3.0,7.0,0.0,1.0,7.0,1.0,0.0,0.01730777536696182,0.9826922246330382,No,No,No,No,No,No
42.0,No,Travel_Rarely,855.0,Research & Development,12.0,3.0,Medical,2.0,3.0,1.0,Laboratory Technician,2.0,Divorced,2766.0,8.0,No,22.0,4.0,2.0,3.0,7.0,6.0,2.0,5.0,3.0,0.0,4.0,1.0,0.0,0.0434935350222041,0.9565064649777959,No,No,No,No,No,No
43.0,No,Travel_Rarely,244.0,Human Resources,2.0,3.0,Life Sciences,2.0,3.0,1.0,Human Resources,4.0,Single,3539.0,0.0,No,13.0,3.0,2.0,0.0,10.0,5.0,3.0,9.0,7.0,1.0,8.0,0.0,1.0,0.06442521298821602,0.935574787011784,No,No,No,No,No,No
34.0,No,Travel_Rarely,511.0,Sales,3.0,2.0,Life Sciences,4.0,1.0,2.0,Sales Executive,4.0,Single,6029.0,5.0,No,12.0,3.0,1.0,0.0,6.0,3.0,3.0,2.0,2.0,2.0,2.0,0.0,2.0,0.28082482433414535,0.7191751756658546,No,No,Yes,No,No,No
22.0,Yes,Travel_Rarely,1294.0,Research & Development,8.0,1.0,Medical,3.0,3.0,1.0,Laboratory Technician,1.0,Married,2398.0,1.0,Yes,17.0,3.0,3.0,0.0,1.0,6.0,3.0,1.0,0.0,0.0,0.0,1.0,0.0,0.2726039232867521,0.7273960767132479,No,No,Yes,Yes,No,No
28.0,No,Travel_Rarely,1181.0,Research & Development,1.0,3.0,Life Sciences,3.0,3.0,1.0,Research Scientist,4.0,Married,2044.0,1.0,No,11.0,3.0,3.0,1.0,5.0,6.0,4.0,5.0,3.0,0.0,3.0,1.0,0.0,0.007776856510711472,0.9922231434892885,No,No,No,No,No,No
40.0,No,Travel_Rarely,616.0,Research & Development,2.0,2.0,Life Sciences,3.0,3.0,1.0,Laboratory Technician,1.0,Married,3377.0,4.0,No,17.0,3.0,4.0,1.0,7.0,5.0,2.0,4.0,3.0,0.0,2.0,1.0,0.0,0.033329347131763276,0.9666706528682367,No,No,No,No,No,No
42.0,No,Travel_Rarely,1128.0,Research & Development,13.0,3.0,Medical,2.0,4.0,2.0,Healthcare Representative,1.0,Married,5538.0,5.0,No,18.0,3.0,3.0,2.0,10.0,2.0,2.0,0.0,0.0,0.0,0.0,1.0,0.0,0.049425461675615345,0.9505745383243847,No,No,No,No,No,No
35.0,No,Non-Travel,1180.0,Research & Development,2.0,2.0,Medical,2.0,3.0,2.0,Manufacturing Director,4.0,Divorced,5762.0,2.0,No,14.0,3.0,3.0,1.0,15.0,6.0,3.0,7.0,7.0,1.0,7.0,0.0,1.0,0.006935896694984955,0.993064103305015,No,No,No,No,No,No
34.0,Yes,Travel_Frequently,234.0,Research & Development,9.0,4.0,Life Sciences,4.0,3.0,2.0,Laboratory Technician,1.0,Married,5346.0,4.0,No,17.0,3.0,3.0,1.0,11.0,3.0,2.0,7.0,1.0,0.0,7.0,0.0,0.0,0.034668498998502106,0.9653315010014979,No,No,No,No,No,No
37.0,Yes,Travel_Rarely,370.0,Research & Development,10.0,4.0,Medical,4.0,3.0,2.0,Manufacturing Director,1.0,Single,4213.0,1.0,No,15.0,3.0,2.0,0.0,10.0,4.0,1.0,10.0,3.0,0.0,8.0,1.0,0.0,0.04416133983656367,0.9558386601634363,No,No,No,No,No,No
41.0,No,Travel_Rarely,447.0,Research & Development,5.0,3.0,Life Sciences,2.0,4.0,2.0,Healthcare Representative,2.0,Single,6870.0,3.0,No,12.0,3.0,1.0,0.0,11.0,3.0,1.0,3.0,2.0,1.0,2.0,1.0,1.0,0.10379607196183838,0.8962039280381616,No,No,No,No,No,No
41.0,No,Travel_Rarely,796.0,Sales,4.0,1.0,Marketing,3.0,3.0,3.0,Sales Executive,3.0,Divorced,10447.0,0.0,Yes,13.0,3.0,4.0,1.0,23.0,3.0,4.0,22.0,14.0,13.0,5.0,0.0,5.0,0.10157904838189269,0.8984209516181073,No,No,No,Yes,No,No
30.0,No,Travel_Rarely,1092.0,Research & Development,10.0,3.0,Medical,1.0,3.0,3.0,Manufacturing Director,3.0,Single,9667.0,9.0,No,14.0,3.0,2.0,0.0,9.0,3.0,3.0,7.0,7.0,0.0,2.0,1.0,0.0,0.15239433947866055,0.8476056605213395,No,No,No,No,No,No
45.0,No,Non-Travel,589.0,Sales,2.0,4.0,Life Sciences,3.0,3.0,2.0,Sales Executive,3.0,Married,5154.0,4.0,No,22.0,4.0,2.0,2.0,10.0,3.0,4.0,8.0,7.0,5.0,7.0,0.0,5.0,0.014018250368416751,0.9859817496315832,No,No,No,No,No,No
27.0,No,Travel_Frequently,1297.0,Research & Development,5.0,2.0,Life Sciences,4.0,3.0,1.0,Laboratory Technician,4.0,Single,2379.0,0.0,Yes,14.0,3.0,3.0,0.0,6.0,3.0,2.0,5.0,4.0,0.0,2.0,0.0,0.0,0.19408575144686835,0.8059142485531317,No,No,Yes,No,No,No
29.0,No,Travel_Frequently,574.0,Research & Development,20.0,1.0,Medical,4.0,3.0,1.0,Laboratory Technician,4.0,Married,3812.0,1.0,No,13.0,3.0,2.0,0.0,11.0,3.0,4.0,11.0,8.0,3.0,10.0,0.0,3.0,0.05356130480081156,0.9464386951991884,No,No,No,No,No,No
28.0,No,Non-Travel,280.0,Human Resources,1.0,2.0,Life Sciences,3.0,3.0,1.0,Human Resources,4.0,Divorced,2706.0,1.0,No,15.0,3.0,2.0,1.0,3.0,2.0,3.0,3.0,2.0,2.0,2.0,0.0,2.0,0.026789166626523087,0.9732108333734769,No,No,No,No,No,No
27.0,No,Travel_Rarely,728.0,Sales,23.0,1.0,Medical,2.0,2.0,2.0,Sales Representative,3.0,Married,3540.0,1.0,No,21.0,4.0,4.0,1.0,9.0,5.0,3.0,9.0,8.0,5.0,8.0,0.0,5.0,0.22952163833086947,0.7704783616691305,No,No,No,No,No,No
48.0,No,Travel_Rarely,1224.0,Research & Development,10.0,3.0,Life Sciences,4.0,2.0,5.0,Research Director,2.0,Married,19665.0,4.0,No,12.0,3.0,4.0,0.0,29.0,3.0,3.0,22.0,10.0,12.0,9.0,1.0,9.0,0.004984387213633257,0.9950156127863667,No,No,No,No,No,No
22.0,Yes,Travel_Rarely,391.0,Research & Development,7.0,1.0,Life Sciences,4.0,3.0,1.0,Research Scientist,2.0,Single,2472.0,1.0,Yes,23.0,4.0,1.0,0.0,1.0,2.0,3.0,1.0,0.0,0.0,0.0,1.0,0.0,0.4001279776104475,0.5998720223895525,No,No,Yes,Yes,No,No
31.0,No,Travel_Rarely,311.0,Research & Development,20.0,3.0,Life Sciences,2.0,3.0,2.0,Laboratory Technician,3.0,Divorced,4197.0,1.0,No,11.0,3.0,1.0,1.0,10.0,2.0,3.0,10.0,8.0,0.0,2.0,1.0,0.0,0.03131651861687457,0.9686834813831254,No,No,No,No,No,No
27.0,No,Travel_Rarely,511.0,Sales,2.0,2.0,Medical,1.0,4.0,2.0,Sales Executive,3.0,Single,6500.0,0.0,No,14.0,3.0,2.0,0.0,9.0,5.0,2.0,8.0,7.0,0.0,7.0,0.0,0.0,0.08712685193399239,0.9128731480660076,No,No,No,No,No,No
31.0,No,Travel_Rarely,1079.0,Sales,10.0,2.0,Medical,3.0,3.0,2.0,Sales Executive,4.0,Divorced,6583.0,2.0,Yes,11.0,3.0,4.0,1.0,8.0,2.0,3.0,5.0,2.0,1.0,4.0,0.0,1.0,0.11425362462881616,0.8857463753711838,No,No,No,No,No,No
45.0,No,Travel_Frequently,1297.0,Research & Development,1.0,4.0,Medical,2.0,3.0,2.0,Healthcare Representative,3.0,Single,5399.0,4.0,No,12.0,3.0,3.0,0.0,12.0,3.0,3.0,4.0,2.0,0.0,3.0,0.0,0.0,0.07000926976993171,0.9299907302300683,No,No,No,No,No,No
28.0,No,Travel_Frequently,783.0,Sales,1.0,2.0,Life Sciences,3.0,2.0,2.0,Sales Executive,4.0,Married,6834.0,1.0,Yes,12.0,3.0,3.0,1.0,7.0,2.0,3.0,7.0,7.0,0.0,7.0,0.0,0.0,0.15343038525955788,0.8465696147404421,No,No,Yes,No,No,No
38.0,No,Travel_Frequently,1394.0,Research & Development,8.0,3.0,Medical,4.0,2.0,2.0,Research Scientist,2.0,Divorced,2133.0,1.0,Yes,16.0,3.0,3.0,1.0,20.0,3.0,3.0,20.0,11.0,0.0,7.0,0.0,0.0,0.033053239307414994,0.966946760692585,No,No,No,No,No,No
32.0,Yes,Travel_Frequently,238.0,Research & Development,5.0,2.0,Life Sciences,1.0,4.0,1.0,Research Scientist,3.0,Single,2432.0,3.0,Yes,14.0,3.0,1.0,0.0,8.0,2.0,3.0,4.0,1.0,0.0,3.0,0.0,0.0,0.6788454835808793,0.32115451641912074,No,Yes,Yes,Yes,Yes,Yes
26.0,No,Travel_Rarely,157.0,Research & Development,1.0,3.0,Medical,3.0,3.0,1.0,Laboratory Technician,1.0,Single,2867.0,0.0,No,13.0,3.0,4.0,0.0,8.0,6.0,2.0,7.0,7.0,7.0,6.0,1.0,6.0,0.1407721539750808,0.8592278460249192,No,No,No,No,No,No
38.0,No,Travel_Rarely,1404.0,Sales,1.0,3.0,Life Sciences,1.0,2.0,1.0,Sales Representative,1.0,Single,2858.0,4.0,No,14.0,3.0,1.0,0.0,20.0,3.0,2.0,1.0,0.0,0.0,0.0,0.0,0.0,0.7575515511922211,0.2424484488077789,No,Yes,Yes,Yes,Yes,Yes
54.0,No,Travel_Rarely,155.0,Research & Development,9.0,2.0,Life Sciences,1.0,3.0,2.0,Research Scientist,3.0,Married,2897.0,3.0,No,11.0,3.0,3.0,2.0,9.0,6.0,2.0,4.0,3.0,2.0,3.0,1.0,2.0,0.034839171656525614,0.9651608283434744,No,No,No,No,No,No
43.0,No,Travel_Rarely,574.0,Research & Development,11.0,3.0,Life Sciences,1.0,3.0,3.0,Healthcare Representative,3.0,Married,7510.0,1.0,No,17.0,3.0,2.0,1.0,10.0,1.0,3.0,10.0,9.0,0.0,9.0,1.0,0.0,0.01657564094158448,0.9834243590584155,No,No,No,No,No,No
31.0,No,Non-Travel,697.0,Research & Development,10.0,3.0,Medical,3.0,3.0,3.0,Research Director,3.0,Married,11031.0,4.0,No,20.0,4.0,3.0,1.0,13.0,2.0,4.0,11.0,7.0,4.0,8.0,0.0,4.0,0.018405472857092486,0.9815945271429075,No,No,No,No,No,No
54.0,No,Travel_Rarely,157.0,Research & Development,10.0,3.0,Medical,3.0,3.0,2.0,Manufacturing Director,1.0,Single,4440.0,6.0,Yes,19.0,3.0,4.0,0.0,9.0,3.0,3.0,5.0,2.0,1.0,4.0,1.0,1.0,0.3148689638710658,0.6851310361289342,No,No,No,No,No,No
23.0,No,Travel_Rarely,571.0,Research & Development,12.0,2.0,Other,4.0,3.0,1.0,Laboratory Technician,4.0,Single,2647.0,1.0,No,13.0,3.0,3.0,0.0,5.0,6.0,4.0,5.0,2.0,1.0,4.0,1.0,1.0,0.03742418503777345,0.9625758149622266,No,No,No,No,No,No
25.0,No,Travel_Rarely,309.0,Human Resources,2.0,3.0,Human Resources,3.0,3.0,1.0,Human Resources,2.0,Married,2187.0,4.0,No,14.0,3.0,3.0,0.0,6.0,3.0,3.0,2.0,0.0,1.0,2.0,0.0,0.0,0.3706519521848982,0.6293480478151018,No,No,Yes,No,No,No
33.0,No,Travel_Rarely,501.0,Research & Development,15.0,2.0,Medical,2.0,3.0,2.0,Healthcare Representative,4.0,Married,4878.0,0.0,Yes,13.0,3.0,1.0,1.0,10.0,6.0,3.0,9.0,7.0,8.0,1.0,1.0,1.0,0.36523730543253263,0.6347626945674674,No,No,No,No,No,No
32.0,No,Travel_Rarely,234.0,Sales,1.0,4.0,Medical,2.0,2.0,1.0,Sales Representative,2.0,Married,2269.0,0.0,No,14.0,3.0,2.0,1.0,3.0,2.0,3.0,2.0,2.0,2.0,2.0,0.0,2.0,0.36419117429542913,0.6358088257045709,No,No,No,No,No,No
39.0,No,Travel_Rarely,116.0,Research & Development,24.0,1.0,Life Sciences,1.0,3.0,2.0,Research Scientist,4.0,Single,4108.0,7.0,No,13.0,3.0,1.0,0.0,18.0,2.0,3.0,7.0,7.0,1.0,7.0,1.0,1.0,0.36871509782316303,0.631284902176837,No,No,No,No,No,No
56.0,No,Non-Travel,667.0,Research & Development,1.0,4.0,Life Sciences,3.0,3.0,2.0,Healthcare Representative,3.0,Divorced,6306.0,1.0,No,21.0,4.0,1.0,1.0,13.0,2.0,2.0,13.0,12.0,1.0,9.0,0.0,1.0,0.003912377210736895,0.9960876227892631,No,No,No,No,No,No
40.0,No,Travel_Rarely,1322.0,Research & Development,2.0,4.0,Life Sciences,3.0,2.0,1.0,Research Scientist,3.0,Single,2809.0,2.0,No,14.0,3.0,4.0,0.0,8.0,2.0,3.0,2.0,2.0,2.0,2.0,1.0,2.0,0.06448583467883684,0.9355141653211632,No,No,No,No,No,No
31.0,No,Non-Travel,325.0,Research & Development,5.0,3.0,Medical,2.0,3.0,2.0,Manufacturing Director,1.0,Single,9936.0,0.0,No,19.0,3.0,2.0,0.0,10.0,2.0,3.0,9.0,4.0,1.0,7.0,0.0,1.0,0.08158715013762141,0.9184128498623786,No,No,No,No,No,No
34.0,No,Travel_Rarely,628.0,Research & Development,8.0,3.0,Medical,2.0,4.0,2.0,Laboratory Technician,3.0,Married,4404.0,2.0,No,12.0,3.0,1.0,0.0,6.0,3.0,4.0,4.0,3.0,1.0,2.0,1.0,1.0,0.029676033174567795,0.9703239668254322,No,No,No,No,No,No
